Geography,HOUSE UNIT
0500000US01001,24170
0500000US01003,121763
0500000US01005,11667
0500000US01007,9013
0500000US01009,24527
0500000US01011,4522
0500000US01013,9842
0500000US01015,53112
0500000US01017,16433
0500000US01019,14734
0500000US01021,19407
0500000US01023,7132
0500000US01025,11788
0500000US01027,7009
0500000US01029,6792
0500000US01031,23934
0500000US01033,27496
0500000US01035,6469
0500000US01037,6064
0500000US01039,18627
0500000US01041,6544
0500000US01043,38859
0500000US01045,22790
0500000US01047,19037
0500000US01049,30647
0500000US01051,36425
0500000US01053,16672
0500000US01055,47329
0500000US01057,7836
0500000US01059,13930
0500000US01061,12495
0500000US01063,4303
0500000US01065,7422
0500000US01067,9057
0500000US01069,48940
0500000US01071,24666
0500000US01073,307607
0500000US01075,7104
0500000US01077,44528
0500000US01079,15220
0500000US01081,73557
0500000US01083,41768
0500000US01085,4833
0500000US01087,9684
0500000US01089,167859
0500000US01091,9850
0500000US01093,14131
0500000US01095,41129
0500000US01097,184218
0500000US01099,10275
0500000US01101,105139
0500000US01103,53086
0500000US01105,4022
0500000US01107,8738
0500000US01109,15958
0500000US01111,12356
0500000US01113,27219
0500000US01115,37651
0500000US01117,88480
0500000US01119,6340
0500000US01121,37905
0500000US01123,22603
0500000US01125,99540
0500000US01127,30093
0500000US01129,7793
0500000US01131,5304
0500000US01133,13083
0500000US02013,1113
0500000US02016,1456
0500000US02020,118055
0500000US02050,5992
0500000US02060,922
0500000US02063,3626
0500000US02066,2676
0500000US02068,1415
0500000US02070,2406
0500000US02090,42870
0500000US02100,1450
0500000US02105,1699
0500000US02110,13987
0500000US02122,32406
0500000US02130,6564
0500000US02150,5750
0500000US02158,2335
0500000US02164,1398
0500000US02170,49810
0500000US02180,4092
0500000US02185,2622
0500000US02188,2728
0500000US02195,1749
0500000US02198,3267
0500000US02220,4143
0500000US02230,618
0500000US02240,3561
0500000US02275,1294
0500000US02282,401
0500000US02290,4029
0500000US04001,29192
0500000US04003,58881
0500000US04005,68446
0500000US04007,32452
0500000US04009,13622
0500000US04011,4394
0500000US04012,13797
0500000US04013,1794248
0500000US04015,116893
0500000US04017,56270
0500000US04019,467191
0500000US04021,171384
0500000US04023,18677
0500000US04025,119753
0500000US04027,91690
0500000US05001,8776
0500000US05003,9466
0500000US05005,22689
0500000US05007,110752
0500000US05009,17311
0500000US05011,5172
0500000US05013,2498
0500000US05015,13829
0500000US05017,5140
0500000US05019,10031
0500000US05021,7536
0500000US05023,15602
0500000US05025,3632
0500000US05027,11075
0500000US05029,9658
0500000US05031,46285
0500000US05033,25444
0500000US05035,21356
0500000US05037,7637
0500000US05039,3566
0500000US05041,5859
0500000US05043,8282
0500000US05045,51410
0500000US05047,7746
0500000US05049,6260
0500000US05051,52115
0500000US05053,7846
0500000US05055,19068
0500000US05057,9715
0500000US05059,14227
0500000US05061,6169
0500000US05063,16634
0500000US05065,6795
0500000US05067,7149
0500000US05069,30921
0500000US05071,11466
0500000US05073,3977
0500000US05075,7540
0500000US05077,3774
0500000US05079,4432
0500000US05081,6089
0500000US05083,9779
0500000US05085,29854
0500000US05087,7613
0500000US05089,9426
0500000US05091,19746
0500000US05093,19250
0500000US05095,3894
0500000US05097,5480
0500000US05099,4325
0500000US05101,4163
0500000US05103,11983
0500000US05105,4941
0500000US05107,8523
0500000US05109,5328
0500000US05111,10419
0500000US05113,9669
0500000US05115,26811
0500000US05117,4133
0500000US05119,189271
0500000US05121,8572
0500000US05123,9741
0500000US05125,51352
0500000US05127,4898
0500000US05129,4723
0500000US05131,56672
0500000US05133,6771
0500000US05135,9544
0500000US05137,6792
0500000US05139,18779
0500000US05141,9763
0500000US05143,98774
0500000US05145,33324
0500000US05147,3319
0500000US05149,9319
0500000US06001,617045
0500000US06003,1626
0500000US06005,18708
0500000US06007,95047
0500000US06009,27476
0500000US06011,8085
0500000US06013,421239
0500000US06015,11093
0500000US06017,92999
0500000US06019,336509
0500000US06021,10890
0500000US06023,62137
0500000US06025,56636
0500000US06027,9457
0500000US06029,299810
0500000US06031,46145
0500000US06033,34309
0500000US06035,12273
0500000US06037,3578801
0500000US06039,49512
0500000US06041,111570
0500000US06043,9832
0500000US06045,41276
0500000US06047,86767
0500000US06049,4809
0500000US06051,13616
0500000US06053,143094
0500000US06055,55446
0500000US06057,53442
0500000US06059,1121753
0500000US06061,170324
0500000US06063,15422
0500000US06065,844425
0500000US06067,583858
0500000US06069,19961
0500000US06071,728674
0500000US06073,1221613
0500000US06075,404720
0500000US06077,249018
0500000US06079,123033
0500000US06081,282570
0500000US06083,157809
0500000US06085,683510
0500000US06087,106110
0500000US06089,79490
0500000US06091,2099
0500000US06093,23041
0500000US06095,161341
0500000US06097,205136
0500000US06099,182606
0500000US06101,34458
0500000US06103,27347
0500000US06105,8233
0500000US06107,149859
0500000US06109,31413
0500000US06111,292220
0500000US06113,79695
0500000US06115,29152
0500000US08001,183772
0500000US08003,7009
0500000US08005,259291
0500000US08007,9445
0500000US08009,1997
0500000US08011,2151
0500000US08013,139302
0500000US08014,30567
0500000US08015,10804
0500000US08017,945
0500000US08019,5677
0500000US08021,4037
0500000US08023,2401
0500000US08025,1521
0500000US08027,4125
0500000US08029,14742
0500000US08031,335131
0500000US08033,1679
0500000US08035,132519
0500000US08037,32611
0500000US08039,9629
0500000US08041,283726
0500000US08043,20176
0500000US08045,24018
0500000US08047,3510
0500000US08049,16591
0500000US08051,12006
0500000US08053,1449
0500000US08055,4731
0500000US08057,1221
0500000US08059,246426
0500000US08061,714
0500000US08063,3427
0500000US08065,4122
0500000US08067,27858
0500000US08069,156030
0500000US08071,8114
0500000US08073,2221
0500000US08075,8704
0500000US08077,66608
0500000US08079,1272
0500000US08081,6091
0500000US08083,12212
0500000US08085,18852
0500000US08087,11474
0500000US08089,8746
0500000US08091,3158
0500000US08093,14049
0500000US08095,2033
0500000US08097,13261
0500000US08099,5508
0500000US08101,71821
0500000US08103,3277
0500000US08105,6547
0500000US08107,16492
0500000US08109,3695
0500000US08111,719
0500000US08113,6547
0500000US08115,1207
0500000US08117,31182
0500000US08119,13271
0500000US08121,2287
0500000US08123,115854
0500000US08125,4311
0500000US09001,377249
0500000US09003,384270
0500000US09005,87660
0500000US09007,76287
0500000US09009,368720
0500000US09011,122664
0500000US09013,60638
0500000US09015,49551
0500000US10001,72211
0500000US10003,232162
0500000US10005,140731
0500000US11001,344306
0500000US12001,121832
0500000US12003,9772
0500000US12005,102883
0500000US12007,10753
0500000US12009,286497
0500000US12011,854965
0500000US12013,5704
0500000US12015,108667
0500000US12017,81099
0500000US12019,84159
0500000US12021,225093
0500000US12023,29631
0500000US12027,15453
0500000US12029,9287
0500000US12031,429495
0500000US12033,144698
0500000US12035,54554
0500000US12037,8375
0500000US12039,18709
0500000US12041,7479
0500000US12043,6542
0500000US12045,8884
0500000US12047,5627
0500000US12049,9775
0500000US12051,14943
0500000US12053,88431
0500000US12055,57206
0500000US12057,595841
0500000US12059,8639
0500000US12061,82555
0500000US12063,20047
0500000US12065,6685
0500000US12067,3406
0500000US12069,173636
0500000US12071,410239
0500000US12073,132398
0500000US12075,20743
0500000US12077,3100
0500000US12079,8345
0500000US12081,202950
0500000US12083,175486
0500000US12085,81069
0500000US12086,1064991
0500000US12087,53699
0500000US12089,40787
0500000US12091,100401
0500000US12093,18465
0500000US12095,554517
0500000US12097,150567
0500000US12099,702877
0500000US12101,253685
0500000US12103,514666
0500000US12105,311599
0500000US12107,36133
0500000US12109,115442
0500000US12111,146077
0500000US12113,74878
0500000US12115,249418
0500000US12117,192725
0500000US12119,73998
0500000US12121,18891
0500000US12123,11078
0500000US12125,4678
0500000US12127,270402
0500000US12129,13537
0500000US12131,54894
0500000US12133,10840
0500000US13001,8492
0500000US13003,3475
0500000US13005,4803
0500000US13007,1531
0500000US13009,20022
0500000US13011,7237
0500000US13013,29530
0500000US13015,41946
0500000US13017,8102
0500000US13019,8082
0500000US13021,71725
0500000US13023,5201
0500000US13025,8133
0500000US13027,7343
0500000US13029,16137
0500000US13031,32570
0500000US13033,10980
0500000US13035,9436
0500000US13037,2066
0500000US13039,22393
0500000US13043,4636
0500000US13045,45906
0500000US13047,27808
0500000US13049,4633
0500000US13051,132487
0500000US13053,3262
0500000US13055,10850
0500000US13057,98431
0500000US13059,55088
0500000US13061,2035
0500000US13063,112772
0500000US13065,3019
0500000US13067,306434
0500000US13069,17301
0500000US13071,19039
0500000US13073,58011
0500000US13075,7256
0500000US13077,55975
0500000US13079,5178
0500000US13081,9964
0500000US13083,7371
0500000US13085,11731
0500000US13087,12915
0500000US13089,323092
0500000US13091,8664
0500000US13093,4927
0500000US13095,40590
0500000US13097,53653
0500000US13099,4936
0500000US13101,1659
0500000US13103,23908
0500000US13105,9288
0500000US13107,9959
0500000US13109,4641
0500000US13111,17508
0500000US13113,44699
0500000US13115,40470
0500000US13117,85632
0500000US13119,10581
0500000US13121,487896
0500000US13123,17593
0500000US13125,1416
0500000US13127,42091
0500000US13129,22645
0500000US13131,11447
0500000US13133,9805
0500000US13135,326458
0500000US13137,18279
0500000US13139,75797
0500000US13141,4947
0500000US13143,12280
0500000US13145,14126
0500000US13147,12786
0500000US13149,4795
0500000US13151,85223
0500000US13153,65671
0500000US13155,4141
0500000US13157,27137
0500000US13159,6275
0500000US13161,6368
0500000US13163,7168
0500000US13165,4327
0500000US13167,3602
0500000US13169,11596
0500000US13171,7545
0500000US13173,4109
0500000US13175,21885
0500000US13177,12445
0500000US13179,26610
0500000US13181,4429
0500000US13183,6230
0500000US13185,48226
0500000US13187,13072
0500000US13189,9389
0500000US13191,6908
0500000US13193,5231
0500000US13195,12146
0500000US13197,3576
0500000US13199,9492
0500000US13201,2848
0500000US13205,9038
0500000US13207,11040
0500000US13209,3767
0500000US13211,8243
0500000US13213,16010
0500000US13215,89653
0500000US13217,41215
0500000US13219,14768
0500000US13221,6360
0500000US13223,58240
0500000US13225,11936
0500000US13227,14749
0500000US13229,8316
0500000US13231,7011
0500000US13233,17207
0500000US13235,4017
0500000US13237,13025
0500000US13239,1763
0500000US13241,12024
0500000US13243,3372
0500000US13245,91578
0500000US13247,35106
0500000US13249,1979
0500000US13251,6525
0500000US13253,5029
0500000US13255,27646
0500000US13257,12363
0500000US13259,2136
0500000US13261,13522
0500000US13263,3092
0500000US13265,978
0500000US13267,9374
0500000US13269,3965
0500000US13271,4967
0500000US13273,4240
0500000US13275,20666
0500000US13277,17239
0500000US13279,12037
0500000US13281,8535
0500000US13283,2805
0500000US13285,28675
0500000US13287,3912
0500000US13289,4049
0500000US13291,14581
0500000US13293,12300
0500000US13295,29263
0500000US13297,35046
0500000US13299,15922
0500000US13301,2566
0500000US13303,8622
0500000US13305,12420
0500000US13307,1248
0500000US13309,2443
0500000US13311,13819
0500000US13313,38946
0500000US13315,3442
0500000US13317,5166
0500000US13319,4309
0500000US13321,9251
0500000US15001,88259
0500000US15003,367126
0500000US15005,87
0500000US15007,30147
0500000US15009,71318
0500000US16001,192132
0500000US16003,2644
0500000US16005,34730
0500000US16007,3868
0500000US16009,4633
0500000US16011,16845
0500000US16013,15417
0500000US16015,5427
0500000US16017,26116
0500000US16019,44562
0500000US16021,5383
0500000US16023,1274
0500000US16025,701
0500000US16027,79542
0500000US16029,3125
0500000US16031,8806
0500000US16033,465
0500000US16035,4552
0500000US16037,3082
0500000US16039,12098
0500000US16041,4933
0500000US16043,8489
0500000US16045,7508
0500000US16047,6027
0500000US16049,8861
0500000US16051,9953
0500000US16053,8533
0500000US16055,73466
0500000US16057,17122
0500000US16059,4590
0500000US16061,1814
0500000US16063,1951
0500000US16065,13938
0500000US16067,8198
0500000US16069,18267
0500000US16071,2000
0500000US16073,4714
0500000US16075,9648
0500000US16077,2938
0500000US16079,7003
0500000US16081,5759
0500000US16083,34340
0500000US16085,12162
0500000US16087,4529
0500000US17001,30225
0500000US17003,3059
0500000US17005,6902
0500000US17007,20138
0500000US17009,2346
0500000US17011,15615
0500000US17013,2344
0500000US17015,8195
0500000US17017,5702
0500000US17019,92663
0500000US17021,15242
0500000US17023,7378
0500000US17025,6171
0500000US17027,15575
0500000US17029,22852
0500000US17031,2253936
0500000US17033,8497
0500000US17035,4736
0500000US17037,41289
0500000US17039,7350
0500000US17041,8463
0500000US17043,364157
0500000US17045,8306
0500000US17047,3053
0500000US17049,15237
0500000US17051,8887
0500000US17053,6281
0500000US17055,18521
0500000US17057,15884
0500000US17059,2528
0500000US17061,5858
0500000US17063,21046
0500000US17065,3847
0500000US17067,8980
0500000US17069,2239
0500000US17071,3423
0500000US17073,22204
0500000US17075,12865
0500000US17077,27898
0500000US17079,4235
0500000US17081,16657
0500000US17083,9817
0500000US17085,13425
0500000US17087,5534
0500000US17089,187852
0500000US17091,45288
0500000US17093,44443
0500000US17095,23839
0500000US17097,268508
0500000US17099,49825
0500000US17101,6361
0500000US17103,14999
0500000US17105,15925
0500000US17107,11981
0500000US17109,13714
0500000US17111,119465
0500000US17113,74487
0500000US17115,49832
0500000US17117,21114
0500000US17119,118518
0500000US17121,17470
0500000US17123,5835
0500000US17125,6688
0500000US17127,6840
0500000US17129,5608
0500000US17131,7299
0500000US17133,14438
0500000US17135,12581
0500000US17137,15082
0500000US17139,6172
0500000US17141,22637
0500000US17143,84914
0500000US17145,9166
0500000US17147,7359
0500000US17149,7332
0500000US17151,2370
0500000US17153,2876
0500000US17155,3069
0500000US17157,13425
0500000US17159,7381
0500000US17161,66667
0500000US17163,115125
0500000US17165,11593
0500000US17167,92702
0500000US17169,3342
0500000US17171,2403
0500000US17173,10075
0500000US17175,2588
0500000US17177,21449
0500000US17179,58606
0500000US17181,7860
0500000US17183,34626
0500000US17185,5418
0500000US17187,7613
0500000US17189,6428
0500000US17191,7707
0500000US17193,6805
0500000US17195,25872
0500000US17197,249401
0500000US17199,31674
0500000US17201,125111
0500000US17203,15677
0500000US18001,13153
0500000US18003,161287
0500000US18005,35155
0500000US18007,3804
0500000US18009,5885
0500000US18011,27750
0500000US18013,8440
0500000US18015,9494
0500000US18017,16387
0500000US18019,51790
0500000US18021,11657
0500000US18023,13418
0500000US18025,5829
0500000US18027,12719
0500000US18029,20759
0500000US18031,11489
0500000US18033,18033
0500000US18035,51683
0500000US18037,18481
0500000US18039,79411
0500000US18041,10878
0500000US18043,34111
0500000US18045,7748
0500000US18047,9641
0500000US18049,9540
0500000US18051,14576
0500000US18053,29877
0500000US18055,14446
0500000US18057,132952
0500000US18059,31680
0500000US18061,16703
0500000US18063,65852
0500000US18065,20962
0500000US18067,39485
0500000US18069,16168
0500000US18071,19027
0500000US18073,13491
0500000US18075,8939
0500000US18077,14389
0500000US18079,11650
0500000US18081,62781
0500000US18083,16936
0500000US18085,38079
0500000US18087,14775
0500000US18089,214176
0500000US18091,49656
0500000US18093,20560
0500000US18095,58791
0500000US18097,434596
0500000US18099,19736
0500000US18101,4598
0500000US18103,14921
0500000US18105,63155
0500000US18107,16471
0500000US18109,29175
0500000US18111,6022
0500000US18113,20068
0500000US18115,2723
0500000US18117,9060
0500000US18119,9816
0500000US18121,7610
0500000US18123,8512
0500000US18125,5596
0500000US18127,70944
0500000US18129,11071
0500000US18131,5853
0500000US18133,14890
0500000US18135,11415
0500000US18137,12243
0500000US18139,7364
0500000US18141,117767
0500000US18143,10688
0500000US18145,19375
0500000US18147,8625
0500000US18149,11114
0500000US18151,18924
0500000US18153,8786
0500000US18155,4396
0500000US18157,76982
0500000US18159,6820
0500000US18161,3233
0500000US18163,84111
0500000US18165,7307
0500000US18167,46940
0500000US18169,14046
0500000US18171,3673
0500000US18173,25974
0500000US18175,12111
0500000US18177,30798
0500000US18179,11913
0500000US18181,12879
0500000US18183,14768
0500000US19001,3591
0500000US19003,1894
0500000US19005,7662
0500000US19007,6337
0500000US19009,2820
0500000US19011,11071
0500000US19013,58378
0500000US19015,11911
0500000US19017,10432
0500000US19019,8890
0500000US19021,8173
0500000US19023,6546
0500000US19025,4817
0500000US19027,9494
0500000US19029,6408
0500000US19031,8171
0500000US19033,22589
0500000US19035,5583
0500000US19037,5568
0500000US19039,4234
0500000US19041,8101
0500000US19043,8793
0500000US19045,21519
0500000US19047,6880
0500000US19049,40306
0500000US19051,3583
0500000US19053,3692
0500000US19055,8079
0500000US19057,18772
0500000US19059,13651
0500000US19061,42406
0500000US19063,4521
0500000US19065,9348
0500000US19067,7346
0500000US19069,4680
0500000US19071,3160
0500000US19073,4333
0500000US19075,5472
0500000US19077,5778
0500000US19079,7034
0500000US19081,5138
0500000US19083,8076
0500000US19085,6677
0500000US19087,8395
0500000US19089,4326
0500000US19091,4594
0500000US19093,3362
0500000US19095,7346
0500000US19097,9266
0500000US19099,16106
0500000US19101,7649
0500000US19103,65124
0500000US19105,8886
0500000US19107,4680
0500000US19109,7262
0500000US19111,15913
0500000US19113,100404
0500000US19115,4748
0500000US19117,4079
0500000US19119,4846
0500000US19121,6885
0500000US19123,9701
0500000US19125,14068
0500000US19127,16740
0500000US19129,6125
0500000US19131,4847
0500000US19133,4424
0500000US19135,3674
0500000US19137,5036
0500000US19139,18321
0500000US19141,6536
0500000US19143,2899
0500000US19145,7015
0500000US19147,4512
0500000US19149,10777
0500000US19151,3678
0500000US19153,207688
0500000US19155,39846
0500000US19157,8918
0500000US19159,2669
0500000US19161,5162
0500000US19163,77086
0500000US19165,5424
0500000US19167,12956
0500000US19169,40869
0500000US19171,7609
0500000US19173,2916
0500000US19175,5811
0500000US19177,3510
0500000US19179,15785
0500000US19181,20672
0500000US19183,9603
0500000US19185,3044
0500000US19187,16950
0500000US19189,5096
0500000US19191,8918
0500000US19193,42651
0500000US19195,3482
0500000US19197,6297
0500000US20001,6089
0500000US20003,3578
0500000US20005,6837
0500000US20007,2509
0500000US20009,12408
0500000US20011,6804
0500000US20013,4523
0500000US20015,26861
0500000US20017,1410
0500000US20019,1995
0500000US20021,9186
0500000US20023,1470
0500000US20025,1066
0500000US20027,3939
0500000US20029,4519
0500000US20031,3953
0500000US20033,1036
0500000US20035,15604
0500000US20037,17994
0500000US20039,1664
0500000US20041,8848
0500000US20043,3380
0500000US20045,52321
0500000US20047,1554
0500000US20049,1528
0500000US20051,13176
0500000US20053,3112
0500000US20055,14079
0500000US20057,12510
0500000US20059,11138
0500000US20061,15863
0500000US20063,1350
0500000US20065,1434
0500000US20067,2929
0500000US20069,2344
0500000US20071,630
0500000US20073,3696
0500000US20075,1044
0500000US20077,3053
0500000US20079,14576
0500000US20081,1554
0500000US20083,866
0500000US20085,5606
0500000US20087,7963
0500000US20089,1797
0500000US20091,248854
0500000US20093,1578
0500000US20095,3665
0500000US20097,1167
0500000US20099,9580
0500000US20101,878
0500000US20103,30951
0500000US20105,1696
0500000US20107,5112
0500000US20109,1378
0500000US20111,14985
0500000US20113,13045
0500000US20115,5713
0500000US20117,4793
0500000US20119,1895
0500000US20121,13794
0500000US20123,3148
0500000US20125,15683
0500000US20127,3022
0500000US20129,1334
0500000US20131,4495
0500000US20133,7291
0500000US20135,1511
0500000US20137,2467
0500000US20139,7266
0500000US20141,2062
0500000US20143,2677
0500000US20145,3067
0500000US20147,2831
0500000US20149,9770
0500000US20151,4397
0500000US20153,1371
0500000US20155,28306
0500000US20157,2697
0500000US20159,4397
0500000US20161,30545
0500000US20163,2653
0500000US20165,1674
0500000US20167,3701
0500000US20169,24092
0500000US20171,2241
0500000US20173,222437
0500000US20175,8255
0500000US20177,80491
0500000US20179,1163
0500000US20181,2964
0500000US20183,2056
0500000US20185,2108
0500000US20187,1008
0500000US20189,2249
0500000US20191,10388
0500000US20193,3568
0500000US20195,1674
0500000US20197,3131
0500000US20199,761
0500000US20201,2742
0500000US20203,1016
0500000US20205,4502
0500000US20207,1854
0500000US20209,68345
0500000US21001,8598
0500000US21003,9224
0500000US21005,9945
0500000US21007,3709
0500000US21009,19733
0500000US21011,5441
0500000US21013,11705
0500000US21015,51044
0500000US21017,9106
0500000US21019,21746
0500000US21021,12879
0500000US21023,3834
0500000US21025,6528
0500000US21027,10712
0500000US21029,32418
0500000US21031,5481
0500000US21033,6107
0500000US21035,17980
0500000US21037,41165
0500000US21039,2316
0500000US21041,4673
0500000US21043,12235
0500000US21045,7390
0500000US21047,29270
0500000US21049,16063
0500000US21051,8629
0500000US21053,4900
0500000US21055,4366
0500000US21057,3412
0500000US21059,43712
0500000US21061,6381
0500000US21063,3067
0500000US21065,6832
0500000US21067,145092
0500000US21069,6727
0500000US21071,17466
0500000US21073,23899
0500000US21075,3198
0500000US21077,3703
0500000US21079,7280
0500000US21081,10050
0500000US21083,16520
0500000US21085,13324
0500000US21087,5272
0500000US21089,16268
0500000US21091,3880
0500000US21093,46589
0500000US21095,13031
0500000US21097,8073
0500000US21099,8813
0500000US21101,20105
0500000US21103,6626
0500000US21105,2173
0500000US21107,20942
0500000US21109,6022
0500000US21111,354062
0500000US21113,20542
0500000US21115,10499
0500000US21117,72210
0500000US21119,6746
0500000US21121,13832
0500000US21123,6449
0500000US21125,26450
0500000US21127,7508
0500000US21129,3240
0500000US21131,4926
0500000US21133,10665
0500000US21135,6087
0500000US21137,10782
0500000US21139,4623
0500000US21141,12458
0500000US21143,4786
0500000US21145,32044
0500000US21147,6966
0500000US21149,4174
0500000US21151,38882
0500000US21153,5474
0500000US21155,8332
0500000US21157,16317
0500000US21159,4840
0500000US21161,8174
0500000US21163,11967
0500000US21165,3375
0500000US21167,10317
0500000US21169,4694
0500000US21171,5231
0500000US21173,12067
0500000US21175,5637
0500000US21177,13524
0500000US21179,19544
0500000US21181,3314
0500000US21183,10182
0500000US21185,22894
0500000US21187,5364
0500000US21189,1965
0500000US21191,6268
0500000US21193,13183
0500000US21195,28934
0500000US21197,5597
0500000US21199,31542
0500000US21201,1118
0500000US21203,7376
0500000US21205,10486
0500000US21207,10068
0500000US21209,22541
0500000US21211,18587
0500000US21213,8136
0500000US21215,7358
0500000US21217,11183
0500000US21219,5140
0500000US21221,7584
0500000US21223,3856
0500000US21225,5901
0500000US21227,55694
0500000US21229,5190
0500000US21231,10209
0500000US21233,5736
0500000US21235,15448
0500000US21237,3095
0500000US21239,11393
0500000US22001,25034
0500000US22003,9532
0500000US22005,49023
0500000US22007,10030
0500000US22009,18199
0500000US22011,15676
0500000US22013,6932
0500000US22015,55196
0500000US22017,112435
0500000US22019,92202
0500000US22021,4640
0500000US22023,3725
0500000US22025,4482
0500000US22027,6904
0500000US22029,9013
0500000US22031,12403
0500000US22033,202782
0500000US22035,3149
0500000US22037,8085
0500000US22039,14483
0500000US22041,8924
0500000US22043,8996
0500000US22045,30832
0500000US22047,13183
0500000US22049,7254
0500000US22051,193255
0500000US22053,13887
0500000US22055,106978
0500000US22057,40832
0500000US22059,6215
0500000US22061,20297
0500000US22063,57032
0500000US22065,4407
0500000US22067,11961
0500000US22069,18559
0500000US22071,193376
0500000US22073,69676
0500000US22075,9509
0500000US22077,10983
0500000US22079,57889
0500000US22081,3632
0500000US22083,8670
0500000US22085,13554
0500000US22087,17529
0500000US22089,20426
0500000US22091,5226
0500000US22093,8589
0500000US22095,17746
0500000US22097,36702
0500000US22099,23407
0500000US22101,22561
0500000US22103,108851
0500000US22105,56149
0500000US22107,2845
0500000US22109,47042
0500000US22111,10493
0500000US22113,25760
0500000US22115,21968
0500000US22117,21386
0500000US22119,18339
0500000US22121,11247
0500000US22123,4718
0500000US22125,5062
0500000US22127,6451
0500000US23001,49769
0500000US23003,38485
0500000US23005,148178
0500000US23007,20979
0500000US23009,40197
0500000US23011,62538
0500000US23013,24247
0500000US23015,23587
0500000US23017,36176
0500000US23019,74904
0500000US23021,14673
0500000US23023,18880
0500000US23025,29894
0500000US23027,21928
0500000US23029,21795
0500000US23031,111552
0500000US24001,32927
0500000US24003,231310
0500000US24005,348239
0500000US24009,35501
0500000US24011,13466
0500000US24013,65500
0500000US24015,43787
0500000US24017,61718
0500000US24019,16433
0500000US24021,101980
0500000US24023,18509
0500000US24025,102686
0500000US24027,122208
0500000US24029,10344
0500000US24031,401942
0500000US24033,356061
0500000US24035,21172
0500000US24037,45138
0500000US24039,10951
0500000US24041,19597
0500000US24043,63432
0500000US24045,43497
0500000US24047,56225
0500000US24510,293718
0500000US25001,164523
0500000US25003,69575
0500000US25005,242312
0500000US25007,17529
0500000US25009,325228
0500000US25011,34326
0500000US25013,196596
0500000US25015,65784
0500000US25017,653621
0500000US25019,12138
0500000US25021,289052
0500000US25023,213262
0500000US25025,346557
0500000US25027,349131
0500000US26001,10363
0500000US26003,6231
0500000US26005,51536
0500000US26007,15682
0500000US26009,17563
0500000US26011,9530
0500000US26013,5082
0500000US26015,27288
0500000US26017,48552
0500000US26019,12114
0500000US26021,76829
0500000US26023,20720
0500000US26025,59672
0500000US26027,25415
0500000US26029,17448
0500000US26031,17715
0500000US26033,20386
0500000US26035,21997
0500000US26037,32618
0500000US26039,10285
0500000US26041,19855
0500000US26043,13926
0500000US26045,47475
0500000US26047,21719
0500000US26049,184024
0500000US26051,16994
0500000US26053,10442
0500000US26055,45301
0500000US26057,16057
0500000US26059,21465
0500000US26061,18624
0500000US26063,20443
0500000US26065,124935
0500000US26067,24616
0500000US26069,19920
0500000US26071,8932
0500000US26073,28550
0500000US26075,68963
0500000US26077,113570
0500000US26079,11651
0500000US26081,262724
0500000US26083,2288
0500000US26085,13550
0500000US26087,36678
0500000US26089,15359
0500000US26091,43604
0500000US26093,77849
0500000US26095,4070
0500000US26097,10574
0500000US26099,368224
0500000US26101,15527
0500000US26103,33626
0500000US26105,17387
0500000US26107,20888
0500000US26109,13326
0500000US26111,36837
0500000US26113,8698
0500000US26115,65498
0500000US26117,27912
0500000US26119,9006
0500000US26121,74447
0500000US26123,24574
0500000US26125,551642
0500000US26127,15591
0500000US26129,15361
0500000US26131,5295
0500000US26133,12713
0500000US26135,7816
0500000US26137,14841
0500000US26139,113208
0500000US26141,9864
0500000US26143,23243
0500000US26145,86095
0500000US26147,71933
0500000US26149,27163
0500000US26151,21833
0500000US26153,6009
0500000US26155,30224
0500000US26157,23994
0500000US26159,36944
0500000US26161,155927
0500000US26163,793207
0500000US26165,16467
0500000US27001,14235
0500000US27003,136794
0500000US27005,19533
0500000US27007,21277
0500000US27009,17196
0500000US27011,3002
0500000US27013,28950
0500000US27015,11743
0500000US27017,15627
0500000US27019,39815
0500000US27021,24069
0500000US27023,5645
0500000US27025,22170
0500000US27027,26711
0500000US27029,4471
0500000US27031,5922
0500000US27033,5166
0500000US27035,41416
0500000US27037,171799
0500000US27039,8254
0500000US27041,21640
0500000US27043,6924
0500000US27045,9614
0500000US27047,14139
0500000US27049,20796
0500000US27051,3182
0500000US27053,550254
0500000US27055,8710
0500000US27057,14684
0500000US27059,16380
0500000US27061,25660
0500000US27063,4933
0500000US27065,7731
0500000US27067,19927
0500000US27069,2318
0500000US27071,7459
0500000US27073,3487
0500000US27075,7393
0500000US27077,3414
0500000US27079,12760
0500000US27081,3066
0500000US27083,11138
0500000US27085,15773
0500000US27087,2582
0500000US27089,4466
0500000US27091,9797
0500000US27093,10589
0500000US27095,12754
0500000US27097,16059
0500000US27099,16893
0500000US27101,4403
0500000US27103,13358
0500000US27105,8420
0500000US27107,3250
0500000US27109,68205
0500000US27111,36464
0500000US27113,6621
0500000US27115,16913
0500000US27117,4349
0500000US27119,14651
0500000US27121,6381
0500000US27123,227279
0500000US27125,1881
0500000US27127,7122
0500000US27129,6990
0500000US27131,24930
0500000US27133,4225
0500000US27135,7181
0500000US27137,103599
0500000US27139,53639
0500000US27141,35491
0500000US27143,6452
0500000US27145,65344
0500000US27147,15663
0500000US27149,4217
0500000US27151,4702
0500000US27153,12796
0500000US27155,1904
0500000US27157,10163
0500000US27159,6930
0500000US27161,7902
0500000US27163,102808
0500000US27165,4902
0500000US27167,2993
0500000US27169,21629
0500000US27171,53851
0500000US27173,4558
0500000US28001,14866
0500000US28003,16274
0500000US28005,7167
0500000US28007,8381
0500000US28009,4073
0500000US28011,13718
0500000US28013,6759
0500000US28015,4936
0500000US28017,7758
0500000US28019,4332
0500000US28021,3950
0500000US28023,7617
0500000US28025,9008
0500000US28027,10231
0500000US28029,12377
0500000US28031,8322
0500000US28033,70944
0500000US28035,33408
0500000US28037,4268
0500000US28039,10162
0500000US28041,5113
0500000US28043,10376
0500000US28045,22510
0500000US28047,91435
0500000US28049,105871
0500000US28051,7591
0500000US28053,3566
0500000US28055,457
0500000US28057,10425
0500000US28059,62071
0500000US28061,8055
0500000US28063,3395
0500000US28065,5657
0500000US28067,28541
0500000US28069,4000
0500000US28071,27736
0500000US28073,27052
0500000US28075,33668
0500000US28077,5762
0500000US28079,9049
0500000US28081,37153
0500000US28083,12701
0500000US28085,15719
0500000US28087,26907
0500000US28089,45457
0500000US28091,11181
0500000US28093,15016
0500000US28095,16673
0500000US28097,5219
0500000US28099,12061
0500000US28101,9126
0500000US28103,4759
0500000US28105,24875
0500000US28107,14620
0500000US28109,24635
0500000US28111,5440
0500000US28113,18882
0500000US28115,13771
0500000US28117,10994
0500000US28119,3091
0500000US28121,62991
0500000US28123,11349
0500000US28125,1723
0500000US28127,11618
0500000US28129,6704
0500000US28131,7483
0500000US28133,9457
0500000US28135,5467
0500000US28137,11288
0500000US28139,9864
0500000US28141,10493
0500000US28143,4587
0500000US28145,12087
0500000US28147,6877
0500000US28149,21511
0500000US28151,20977
0500000US28153,9059
0500000US28155,5033
0500000US28157,4620
0500000US28159,8235
0500000US28161,6403
0500000US28163,10388
0500000US29001,11335
0500000US29003,7533
0500000US29005,2758
0500000US29007,10573
0500000US29009,17050
0500000US29011,5330
0500000US29013,7283
0500000US29015,13638
0500000US29017,5136
0500000US29019,79296
0500000US29021,38340
0500000US29023,19375
0500000US29025,4284
0500000US29027,18570
0500000US29029,39697
0500000US29031,35014
0500000US29033,4398
0500000US29035,2735
0500000US29037,43144
0500000US29039,6971
0500000US29041,3838
0500000US29043,34796
0500000US29045,3257
0500000US29047,104343
0500000US29049,8919
0500000US29051,33195
0500000US29053,7303
0500000US29055,11461
0500000US29057,3800
0500000US29059,7592
0500000US29061,4126
0500000US29063,4260
0500000US29065,6878
0500000US29067,5477
0500000US29069,13549
0500000US29071,45130
0500000US29073,7656
0500000US29075,2957
0500000US29077,135768
0500000US29079,4860
0500000US29081,4064
0500000US29083,10733
0500000US29085,5620
0500000US29087,2463
0500000US29089,4393
0500000US29091,18059
0500000US29093,4766
0500000US29095,327907
0500000US29097,52403
0500000US29099,92010
0500000US29101,22538
0500000US29103,1971
0500000US29105,15920
0500000US29107,14147
0500000US29109,16279
0500000US29111,4341
0500000US29113,23095
0500000US29115,6051
0500000US29117,6407
0500000US29119,9780
0500000US29121,7427
0500000US29123,5852
0500000US29125,4294
0500000US29127,12860
0500000US29129,1931
0500000US29131,12526
0500000US29133,5339
0500000US29135,6174
0500000US29137,4514
0500000US29139,5813
0500000US29141,15173
0500000US29143,7956
0500000US29145,24573
0500000US29147,9468
0500000US29149,4444
0500000US29151,6498
0500000US29153,5108
0500000US29155,7558
0500000US29157,8470
0500000US29159,18529
0500000US29161,20161
0500000US29163,7651
0500000US29165,44640
0500000US29167,13407
0500000US29169,19280
0500000US29171,2855
0500000US29173,5043
0500000US29175,10765
0500000US29177,9849
0500000US29179,3531
0500000US29181,5309
0500000US29183,159589
0500000US29185,5328
0500000US29186,8332
0500000US29187,28764
0500000US29189,444146
0500000US29195,9875
0500000US29197,1917
0500000US29199,2230
0500000US29201,16817
0500000US29203,3585
0500000US29205,2976
0500000US29207,13440
0500000US29209,20032
0500000US29211,3064
0500000US29213,29487
0500000US29215,11100
0500000US29217,8997
0500000US29219,15228
0500000US29221,10769
0500000US29223,6325
0500000US29225,15174
0500000US29227,1126
0500000US29229,8380
0500000US29510,173830
0500000US30001,4968
0500000US30003,4548
0500000US30005,2828
0500000US30007,3112
0500000US30009,6377
0500000US30011,802
0500000US30013,38884
0500000US30015,2835
0500000US30017,5753
0500000US30019,1145
0500000US30021,4385
0500000US30023,5454
0500000US30025,1479
0500000US30027,5995
0500000US30029,49595
0500000US30031,51826
0500000US30033,737
0500000US30035,5351
0500000US30037,487
0500000US30039,2627
0500000US30041,7233
0500000US30043,5341
0500000US30045,1281
0500000US30047,16430
0500000US30049,33299
0500000US30051,940
0500000US30053,11041
0500000US30055,1109
0500000US30057,6453
0500000US30059,1379
0500000US30061,2556
0500000US30063,54194
0500000US30065,2671
0500000US30067,9546
0500000US30069,293
0500000US30071,2251
0500000US30073,2752
0500000US30075,1002
0500000US30077,2928
0500000US30079,656
0500000US30081,20914
0500000US30083,5527
0500000US30085,4071
0500000US30087,3821
0500000US30089,6793
0500000US30091,2039
0500000US30093,17209
0500000US30095,4682
0500000US30097,1889
0500000US30099,2933
0500000US30101,2330
0500000US30103,461
0500000US30105,4303
0500000US30107,1187
0500000US30109,555
0500000US30111,71296
0500000US31001,13775
0500000US31003,3127
0500000US31005,245
0500000US31007,364
0500000US31009,279
0500000US31011,2566
0500000US31013,5254
0500000US31015,1210
0500000US31017,1679
0500000US31019,20844
0500000US31021,3359
0500000US31023,4023
0500000US31025,11571
0500000US31027,3924
0500000US31029,1870
0500000US31031,3004
0500000US31033,4901
0500000US31035,2832
0500000US31037,3998
0500000US31039,4124
0500000US31041,5350
0500000US31043,7768
0500000US31045,4021
0500000US31047,9839
0500000US31049,988
0500000US31051,2549
0500000US31053,16283
0500000US31055,242862
0500000US31057,1012
0500000US31059,2741
0500000US31061,1546
0500000US31063,1400
0500000US31065,2543
0500000US31067,10321
0500000US31069,1185
0500000US31071,1026
0500000US31073,1175
0500000US31075,417
0500000US31077,1205
0500000US31079,25122
0500000US31081,4080
0500000US31083,1950
0500000US31085,476
0500000US31087,1585
0500000US31089,4938
0500000US31091,425
0500000US31093,2891
0500000US31095,3703
0500000US31097,2095
0500000US31099,2965
0500000US31101,5350
0500000US31103,491
0500000US31105,1818
0500000US31107,4550
0500000US31109,134214
0500000US31111,16558
0500000US31113,378
0500000US31115,437
0500000US31117,256
0500000US31119,15097
0500000US31121,3569
0500000US31123,2295
0500000US31125,1634
0500000US31127,3339
0500000US31129,2249
0500000US31131,6967
0500000US31133,1426
0500000US31135,1361
0500000US31137,4160
0500000US31139,3136
0500000US31141,13987
0500000US31143,2544
0500000US31145,5182
0500000US31147,4125
0500000US31149,838
0500000US31151,5729
0500000US31153,72138
0500000US31155,9895
0500000US31157,16502
0500000US31159,7024
0500000US31161,2723
0500000US31163,1801
0500000US31165,698
0500000US31167,2490
0500000US31169,2528
0500000US31171,363
0500000US31173,2299
0500000US31175,2107
0500000US31177,8550
0500000US31179,3950
0500000US31181,1809
0500000US31183,549
0500000US31185,6276
0500000US32001,10768
0500000US32003,910667
0500000US32005,24235
0500000US32007,21669
0500000US32009,768
0500000US32011,955
0500000US32013,7624
0500000US32015,2880
0500000US32017,2340
0500000US32019,24120
0500000US32021,2367
0500000US32023,24793
0500000US32027,2301
0500000US32029,1869
0500000US32031,203957
0500000US32033,4175
0500000US32510,24358
0500000US33001,38267
0500000US33003,39741
0500000US33005,35591
0500000US33007,20562
0500000US33009,51004
0500000US33011,174456
0500000US33013,65367
0500000US33015,134453
0500000US33017,55147
0500000US33019,21892
0500000US34001,131505
0500000US34003,365609
0500000US34005,184042
0500000US34007,211830
0500000US34009,99567
0500000US34011,57051
0500000US34013,332311
0500000US34015,116500
0500000US34017,307493
0500000US34019,51481
0500000US34021,149573
0500000US34023,313219
0500000US34025,267799
0500000US34027,196559
0500000US34029,292546
0500000US34031,184317
0500000US34033,27727
0500000US34035,131225
0500000US34037,62672
0500000US34039,208961
0500000US34041,46355
0500000US35001,298213
0500000US35003,3328
0500000US35005,26711
0500000US35006,11120
0500000US35007,9583
0500000US35009,21064
0500000US35011,987
0500000US35013,89119
0500000US35015,25882
0500000US35017,14628
0500000US35019,2207
0500000US35021,437
0500000US35023,2218
0500000US35025,27600
0500000US35027,17654
0500000US35028,8593
0500000US35029,11462
0500000US35031,25200
0500000US35033,3149
0500000US35035,32109
0500000US35037,5493
0500000US35039,19585
0500000US35041,8475
0500000US35043,57857
0500000US35045,48072
0500000US35047,14892
0500000US35049,75798
0500000US35051,8111
0500000US35053,7641
0500000US35055,20857
0500000US35057,7270
0500000US35059,2103
0500000US35061,29979
0500000US36001,145388
0500000US36003,23797
0500000US36005,543402
0500000US36007,92257
0500000US36009,40309
0500000US36011,36652
0500000US36013,66370
0500000US36015,38891
0500000US36017,24317
0500000US36019,37191
0500000US36021,33222
0500000US36023,20798
0500000US36025,30119
0500000US36027,121674
0500000US36029,436986
0500000US36031,25213
0500000US36033,25330
0500000US36035,28190
0500000US36037,25954
0500000US36039,28997
0500000US36041,7965
0500000US36043,32485
0500000US36045,61339
0500000US36047,1067820
0500000US36049,15474
0500000US36051,27102
0500000US36053,30726
0500000US36055,334821
0500000US36057,22905
0500000US36059,475728
0500000US36061,907018
0500000US36063,100117
0500000US36065,104847
0500000US36067,210851
0500000US36069,52193
0500000US36071,145947
0500000US36073,18237
0500000US36075,54449
0500000US36077,30014
0500000US36079,38313
0500000US36081,889744
0500000US36083,73998
0500000US36085,183011
0500000US36087,107709
0500000US36089,51757
0500000US36091,109066
0500000US36093,70628
0500000US36095,16540
0500000US36097,9630
0500000US36099,16132
0500000US36101,47551
0500000US36103,578345
0500000US36105,49231
0500000US36107,21897
0500000US36109,46046
0500000US36111,85639
0500000US36113,39902
0500000US36115,29029
0500000US36117,42153
0500000US36119,386583
0500000US36121,18075
0500000US36123,13104
0500000US37001,72651
0500000US37003,15997
0500000US37005,7721
0500000US37007,10027
0500000US37009,17006
0500000US37011,13843
0500000US37013,24292
0500000US37015,9043
0500000US37017,15459
0500000US37019,87421
0500000US37021,127905
0500000US37023,39642
0500000US37025,85725
0500000US37027,37051
0500000US37029,4122
0500000US37031,50642
0500000US37033,10483
0500000US37035,70279
0500000US37037,33382
0500000US37039,17852
0500000US37041,7154
0500000US37043,7292
0500000US37045,43593
0500000US37047,23763
0500000US37049,46783
0500000US37051,142536
0500000US37053,15843
0500000US37055,34210
0500000US37057,74413
0500000US37059,18614
0500000US37061,23965
0500000US37063,142239
0500000US37065,23293
0500000US37067,168778
0500000US37069,28972
0500000US37071,97109
0500000US37073,4816
0500000US37075,5310
0500000US37077,24134
0500000US37079,7898
0500000US37081,231383
0500000US37083,24859
0500000US37085,52562
0500000US37087,34868
0500000US37089,56313
0500000US37091,9898
0500000US37093,20114
0500000US37095,2980
0500000US37097,78104
0500000US37099,26603
0500000US37101,82238
0500000US37103,4681
0500000US37105,26291
0500000US37107,26696
0500000US37109,36796
0500000US37111,21223
0500000US37113,26767
0500000US37115,10995
0500000US37117,11139
0500000US37119,469298
0500000US37121,8663
0500000US37123,14933
0500000US37125,47876
0500000US37127,43117
0500000US37129,112388
0500000US37131,10690
0500000US37133,83146
0500000US37135,60314
0500000US37137,7197
0500000US37139,17342
0500000US37141,29658
0500000US37143,6896
0500000US37145,18288
0500000US37147,79914
0500000US37149,10873
0500000US37151,61983
0500000US37153,19767
0500000US37155,48916
0500000US37157,43464
0500000US37159,62882
0500000US37161,32635
0500000US37163,25713
0500000US37165,14445
0500000US37167,27600
0500000US37169,21283
0500000US37171,33486
0500000US37173,8401
0500000US37175,19035
0500000US37177,1925
0500000US37179,82994
0500000US37181,19384
0500000US37183,454672
0500000US37185,11382
0500000US37187,6090
0500000US37189,32602
0500000US37191,52698
0500000US37193,31783
0500000US37195,36195
0500000US37197,17013
0500000US37199,11224
0500000US38001,1359
0500000US38003,5705
0500000US38005,2610
0500000US38007,488
0500000US38009,4003
0500000US38011,1654
0500000US38013,1382
0500000US38015,42572
0500000US38017,84440
0500000US38019,2128
0500000US38021,2413
0500000US38023,1417
0500000US38025,2211
0500000US38027,1244
0500000US38029,2084
0500000US38031,1775
0500000US38033,967
0500000US38035,33364
0500000US38037,1686
0500000US38039,1354
0500000US38041,1394
0500000US38043,1617
0500000US38045,2108
0500000US38047,1067
0500000US38049,2864
0500000US38051,1725
0500000US38053,7545
0500000US38055,5786
0500000US38057,4678
0500000US38059,15019
0500000US38061,5020
0500000US38063,1820
0500000US38065,927
0500000US38067,3549
0500000US38069,2048
0500000US38071,5851
0500000US38073,2562
0500000US38075,1238
0500000US38077,7519
0500000US38079,4680
0500000US38081,2001
0500000US38083,808
0500000US38085,1283
0500000US38087,434
0500000US38089,15271
0500000US38091,1139
0500000US38093,10366
0500000US38095,1330
0500000US38097,3666
0500000US38099,5241
0500000US38101,32252
0500000US38103,2368
0500000US38105,20079
0500000US39001,12712
0500000US39003,44614
0500000US39005,22436
0500000US39007,46206
0500000US39009,26414
0500000US39011,19844
0500000US39013,31689
0500000US39015,19303
0500000US39017,153416
0500000US39019,13429
0500000US39021,16835
0500000US39023,61034
0500000US39025,85869
0500000US39027,17942
0500000US39029,46175
0500000US39031,16336
0500000US39033,19889
0500000US39035,616424
0500000US39037,22586
0500000US39039,16564
0500000US39041,80022
0500000US39043,38225
0500000US39045,62052
0500000US39047,12639
0500000US39049,576698
0500000US39051,17673
0500000US39053,13479
0500000US39055,37334
0500000US39057,71001
0500000US39059,19043
0500000US39061,378737
0500000US39063,33611
0500000US39065,12926
0500000US39067,7467
0500000US39069,12034
0500000US39071,19015
0500000US39073,13036
0500000US39075,14479
0500000US39077,25459
0500000US39079,14421
0500000US39081,31336
0500000US39083,25761
0500000US39085,105001
0500000US39087,26628
0500000US39089,72432
0500000US39091,23634
0500000US39093,133599
0500000US39095,200402
0500000US39097,16180
0500000US39099,108448
0500000US39101,27428
0500000US39103,74611
0500000US39105,10703
0500000US39107,17845
0500000US39109,46510
0500000US39111,7190
0500000US39113,251995
0500000US39115,7322
0500000US39117,14420
0500000US39119,38291
0500000US39121,5813
0500000US39123,28540
0500000US39125,8515
0500000US39127,15009
0500000US39129,22200
0500000US39131,12043
0500000US39133,70353
0500000US39135,18093
0500000US39137,13819
0500000US39139,54558
0500000US39141,32079
0500000US39143,26460
0500000US39145,33324
0500000US39147,23946
0500000US39149,20097
0500000US39151,166742
0500000US39153,246395
0500000US39155,94616
0500000US39157,40747
0500000US39159,22663
0500000US39161,12573
0500000US39163,5962
0500000US39165,91969
0500000US39167,28010
0500000US39169,46483
0500000US39171,16558
0500000US39173,56515
0500000US39175,9847
0500000US40001,8214
0500000US40003,2521
0500000US40005,6036
0500000US40007,2487
0500000US40009,10104
0500000US40011,4645
0500000US40013,20265
0500000US40015,11740
0500000US40017,58570
0500000US40019,21553
0500000US40021,21991
0500000US40023,7128
0500000US40025,1389
0500000US40027,120437
0500000US40029,2594
0500000US40031,52537
0500000US40033,2728
0500000US40035,6405
0500000US40037,30924
0500000US40039,12869
0500000US40041,24226
0500000US40043,2205
0500000US40045,2159
0500000US40047,27727
0500000US40049,12155
0500000US40051,22976
0500000US40053,2205
0500000US40055,2631
0500000US40057,1369
0500000US40059,1735
0500000US40061,5703
0500000US40063,5830
0500000US40065,12050
0500000US40067,2815
0500000US40069,4733
0500000US40071,21051
0500000US40073,6402
0500000US40075,4744
0500000US40077,4707
0500000US40079,21123
0500000US40081,14571
0500000US40083,19071
0500000US40085,4681
0500000US40087,16164
0500000US40089,14083
0500000US40091,11963
0500000US40093,3712
0500000US40095,8873
0500000US40097,18402
0500000US40099,6536
0500000US40101,29500
0500000US40103,5100
0500000US40105,4418
0500000US40107,4854
0500000US40109,349731
0500000US40111,16782
0500000US40113,19827
0500000US40115,13754
0500000US40117,7353
0500000US40119,36609
0500000US40121,22167
0500000US40123,17362
0500000US40125,29949
0500000US40127,5729
0500000US40129,1855
0500000US40131,37625
0500000US40133,10830
0500000US40135,18149
0500000US40137,20367
0500000US40139,8424
0500000US40141,3818
0500000US40143,290771
0500000US40145,32357
0500000US40147,23705
0500000US40149,5170
0500000US40151,4450
0500000US40153,9326
0500000US41001,8654
0500000US41003,39636
0500000US41005,169113
0500000US41007,22882
0500000US41009,21586
0500000US41011,31283
0500000US41013,10970
0500000US41015,12981
0500000US41017,92718
0500000US41019,49693
0500000US41021,1120
0500000US41023,4137
0500000US41025,3706
0500000US41027,10051
0500000US41029,95599
0500000US41031,10170
0500000US41033,38704
0500000US41035,32741
0500000US41037,4231
0500000US41039,165271
0500000US41041,31862
0500000US41043,51515
0500000US41045,11649
0500000US41047,127743
0500000US41049,4671
0500000US41051,358675
0500000US41053,33406
0500000US41055,901
0500000US41057,18846
0500000US41059,30930
0500000US41061,11641
0500000US41063,4291
0500000US41065,11959
0500000US41067,234852
0500000US41069,935
0500000US41071,39742
0500000US42001,42848
0500000US42003,601235
0500000US42005,32196
0500000US42007,78970
0500000US42009,23573
0500000US42011,170123
0500000US42013,55798
0500000US42015,29495
0500000US42017,254740
0500000US42019,84589
0500000US42021,64538
0500000US42023,3984
0500000US42025,34210
0500000US42027,65398
0500000US42029,206663
0500000US42031,19016
0500000US42033,38173
0500000US42035,18677
0500000US42037,29665
0500000US42039,42365
0500000US42041,108215
0500000US42043,125981
0500000US42045,228520
0500000US42047,16952
0500000US42049,119941
0500000US42051,61962
0500000US42053,7146
0500000US42055,66122
0500000US42057,7127
0500000US42059,16196
0500000US42061,21048
0500000US42063,37788
0500000US42065,22058
0500000US42067,10506
0500000US42069,99840
0500000US42071,215288
0500000US42073,39692
0500000US42075,58793
0500000US42077,149180
0500000US42079,150547
0500000US42081,52649
0500000US42083,19649
0500000US42085,50940
0500000US42087,21347
0500000US42089,79346
0500000US42091,344516
0500000US42093,8083
0500000US42095,126894
0500000US42097,43508
0500000US42099,19918
0500000US42101,720688
0500000US42103,39560
0500000US42105,12452
0500000US42107,67417
0500000US42109,16024
0500000US42111,37769
0500000US42113,5660
0500000US42115,21484
0500000US42117,21531
0500000US42119,16215
0500000US42121,26318
0500000US42123,21828
0500000US42125,96584
0500000US42127,31937
0500000US42129,168007
0500000US42131,12892
0500000US42133,186414
0500000US44001,21404
0500000US44003,75836
0500000US44005,43244
0500000US44007,275352
0500000US44009,65332
0500000US45001,11614
0500000US45003,76584
0500000US45005,4090
0500000US45007,88680
0500000US45009,6688
0500000US45011,9934
0500000US45013,97503
0500000US45015,91604
0500000US45017,7069
0500000US45019,198768
0500000US45021,24635
0500000US45023,14623
0500000US45025,20531
0500000US45027,16027
0500000US45029,19838
0500000US45031,29507
0500000US45033,12896
0500000US45035,63884
0500000US45037,10973
0500000US45039,10948
0500000US45041,60311
0500000US45043,35762
0500000US45045,222937
0500000US45047,31300
0500000US45049,8641
0500000US45051,202427
0500000US45053,12572
0500000US45055,28835
0500000US45057,40163
0500000US45059,31219
0500000US45061,7580
0500000US45063,126768
0500000US45065,5389
0500000US45067,14309
0500000US45069,12037
0500000US45071,18208
0500000US45073,40531
0500000US45075,41384
0500000US45077,55931
0500000US45079,180370
0500000US45081,9284
0500000US45083,135067
0500000US45085,46839
0500000US45087,13542
0500000US45089,14802
0500000US45091,112644
0500000US46003,1226
0500000US46005,8404
0500000US46007,1225
0500000US46009,2828
0500000US46011,14696
0500000US46013,17875
0500000US46015,2370
0500000US46017,615
0500000US46019,4697
0500000US46021,927
0500000US46023,3660
0500000US46025,1629
0500000US46027,6091
0500000US46029,13149
0500000US46031,1381
0500000US46033,4879
0500000US46035,9469
0500000US46037,3446
0500000US46039,2143
0500000US46041,1941
0500000US46043,1348
0500000US46045,1945
0500000US46047,4098
0500000US46049,1052
0500000US46051,3444
0500000US46053,2218
0500000US46055,917
0500000US46057,2762
0500000US46059,1684
0500000US46061,1262
0500000US46063,717
0500000US46065,7920
0500000US46067,3233
0500000US46069,676
0500000US46071,1049
0500000US46073,1012
0500000US46075,513
0500000US46077,2624
0500000US46079,5669
0500000US46081,14082
0500000US46083,25355
0500000US46085,1571
0500000US46087,2456
0500000US46089,1262
0500000US46091,2427
0500000US46093,12258
0500000US46095,745
0500000US46097,1236
0500000US46099,82955
0500000US46101,2736
0500000US46102,3484
0500000US46103,49020
0500000US46105,1725
0500000US46107,1611
0500000US46109,4815
0500000US46111,1114
0500000US46115,3010
0500000US46117,1475
0500000US46119,838
0500000US46121,2903
0500000US46123,2806
0500000US46125,3885
0500000US46127,7143
0500000US46129,2942
0500000US46135,10307
0500000US46137,902
0500000US47001,35139
0500000US47003,19510
0500000US47005,8559
0500000US47007,5855
0500000US47009,59231
0500000US47011,44465
0500000US47013,19982
0500000US47015,6317
0500000US47017,13099
0500000US47019,27820
0500000US47021,16590
0500000US47023,7191
0500000US47025,15296
0500000US47027,3981
0500000US47029,17784
0500000US47031,24697
0500000US47033,6098
0500000US47035,30096
0500000US47037,324727
0500000US47039,6593
0500000US47041,9802
0500000US47043,22364
0500000US47045,16297
0500000US47047,17384
0500000US47049,9184
0500000US47051,19337
0500000US47053,22305
0500000US47055,13900
0500000US47057,11563
0500000US47059,32173
0500000US47061,6223
0500000US47063,27357
0500000US47065,161599
0500000US47067,3662
0500000US47069,10684
0500000US47071,14945
0500000US47073,27043
0500000US47075,8267
0500000US47077,12875
0500000US47079,16945
0500000US47081,10439
0500000US47083,3967
0500000US47085,8866
0500000US47087,5830
0500000US47089,24687
0500000US47091,8746
0500000US47093,209529
0500000US47095,2511
0500000US47097,10728
0500000US47099,18609
0500000US47101,5628
0500000US47103,15842
0500000US47105,24241
0500000US47107,23870
0500000US47109,12232
0500000US47111,10555
0500000US47113,43533
0500000US47115,13500
0500000US47117,14166
0500000US47119,42111
0500000US47121,5988
0500000US47123,21246
0500000US47125,84669
0500000US47127,2969
0500000US47129,8559
0500000US47131,14376
0500000US47133,10350
0500000US47135,4781
0500000US47137,3355
0500000US47139,8539
0500000US47141,35033
0500000US47143,15039
0500000US47145,25412
0500000US47147,28179
0500000US47149,127965
0500000US47151,9820
0500000US47153,6863
0500000US47155,55864
0500000US47157,400662
0500000US47159,8521
0500000US47161,6688
0500000US47163,75377
0500000US47165,77407
0500000US47167,23880
0500000US47169,3687
0500000US47171,8736
0500000US47173,9489
0500000US47175,2878
0500000US47177,18058
0500000US47179,60391
0500000US47181,7194
0500000US47183,15015
0500000US47185,11894
0500000US47187,88740
0500000US47189,56971
0500000US48001,20125
0500000US48003,6870
0500000US48005,36445
0500000US48007,15542
0500000US48009,3901
0500000US48011,874
0500000US48013,18695
0500000US48015,13696
0500000US48017,2519
0500000US48019,11431
0500000US48021,35622
0500000US48023,2226
0500000US48025,10580
0500000US48027,145962
0500000US48029,778063
0500000US48031,6016
0500000US48033,357
0500000US48035,9328
0500000US48037,39507
0500000US48039,139707
0500000US48041,95177
0500000US48043,5872
0500000US48045,924
0500000US48047,3450
0500000US48049,18792
0500000US48051,9284
0500000US48053,23127
0500000US48055,16019
0500000US48057,10703
0500000US48059,6505
0500000US48061,153836
0500000US48063,5755
0500000US48065,2781
0500000US48067,13951
0500000US48069,3036
0500000US48071,16550
0500000US48073,20873
0500000US48075,2790
0500000US48077,5140
0500000US48079,1258
0500000US48081,2196
0500000US48083,4962
0500000US48085,392627
0500000US48087,1544
0500000US48089,10047
0500000US48091,67379
0500000US48093,6956
0500000US48095,1443
0500000US48097,17570
0500000US48099,28413
0500000US48101,1050
0500000US48103,1804
0500000US48105,1786
0500000US48107,2679
0500000US48109,989
0500000US48111,3017
0500000US48113,1028817
0500000US48115,4919
0500000US48117,6994
0500000US48119,2423
0500000US48121,339202
0500000US48123,9194
0500000US48125,1096
0500000US48127,4033
0500000US48129,1961
0500000US48131,4527
0500000US48133,9452
0500000US48135,64563
0500000US48137,1107
0500000US48139,66793
0500000US48141,314174
0500000US48143,18134
0500000US48145,7471
0500000US48147,14596
0500000US48149,13227
0500000US48151,2046
0500000US48153,2646
0500000US48155,719
0500000US48157,271768
0500000US48159,5173
0500000US48161,9075
0500000US48163,6283
0500000US48165,7476
0500000US48167,154283
0500000US48169,2223
0500000US48171,13975
0500000US48173,526
0500000US48175,3527
0500000US48177,8909
0500000US48179,10005
0500000US48181,57980
0500000US48183,53024
0500000US48185,11876
0500000US48187,63125
0500000US48189,13403
0500000US48191,1765
0500000US48193,4363
0500000US48195,2288
0500000US48197,1784
0500000US48199,23980
0500000US48201,1821640
0500000US48203,29116
0500000US48205,1932
0500000US48207,3114
0500000US48209,90450
0500000US48211,1716
0500000US48213,40629
0500000US48215,290393
0500000US48217,16184
0500000US48219,9192
0500000US48221,27987
0500000US48223,15632
0500000US48225,10853
0500000US48227,13887
0500000US48229,1157
0500000US48231,40251
0500000US48233,10241
0500000US48235,846
0500000US48237,3817
0500000US48239,6942
0500000US48241,16307
0500000US48243,1755
0500000US48245,108335
0500000US48247,2252
0500000US48249,16187
0500000US48251,65065
0500000US48253,7018
0500000US48255,5803
0500000US48257,49393
0500000US48259,17881
0500000US48261,119
0500000US48263,457
0500000US48265,25053
0500000US48267,2733
0500000US48269,136
0500000US48271,1495
0500000US48273,13875
0500000US48275,1826
0500000US48277,22641
0500000US48279,5909
0500000US48281,9636
0500000US48283,2387
0500000US48285,10440
0500000US48287,7840
0500000US48289,8989
0500000US48291,32638
0500000US48293,10400
0500000US48295,1472
0500000US48297,5955
0500000US48299,15196
0500000US48301,50
0500000US48303,131286
0500000US48305,2541
0500000US48307,4237
0500000US48309,104968
0500000US48311,348
0500000US48313,5076
0500000US48315,5629
0500000US48317,2109
0500000US48319,2390
0500000US48321,18549
0500000US48323,19851
0500000US48325,19426
0500000US48327,1476
0500000US48329,68662
0500000US48331,11519
0500000US48333,2651
0500000US48335,3721
0500000US48337,10242
0500000US48339,233351
0500000US48341,8171
0500000US48343,5822
0500000US48345,706
0500000US48347,28787
0500000US48349,21196
0500000US48351,6486
0500000US48353,7124
0500000US48355,150840
0500000US48357,4305
0500000US48359,792
0500000US48361,37111
0500000US48363,15102
0500000US48365,10785
0500000US48367,56081
0500000US48369,3745
0500000US48371,5784
0500000US48373,24660
0500000US48375,48792
0500000US48377,3361
0500000US48379,5758
0500000US48381,59798
0500000US48383,1264
0500000US48385,1816
0500000US48387,6220
0500000US48389,4993
0500000US48391,3310
0500000US48393,402
0500000US48395,8449
0500000US48397,37221
0500000US48399,5024
0500000US48401,21148
0500000US48403,7638
0500000US48405,4810
0500000US48407,13645
0500000US48409,29165
0500000US48411,2873
0500000US48413,1307
0500000US48415,6928
0500000US48417,1594
0500000US48419,11495
0500000US48421,1120
0500000US48423,96357
0500000US48425,3904
0500000US48427,22551
0500000US48429,4680
0500000US48431,545
0500000US48433,721
0500000US48435,1716
0500000US48437,3054
0500000US48439,797482
0500000US48441,60376
0500000US48443,679
0500000US48445,4794
0500000US48447,920
0500000US48449,12029
0500000US48451,51040
0500000US48453,550078
0500000US48455,8252
0500000US48457,9552
0500000US48459,17287
0500000US48461,1720
0500000US48463,10146
0500000US48465,18512
0500000US48467,25215
0500000US48469,38685
0500000US48471,28026
0500000US48473,19101
0500000US48475,5096
0500000US48477,16785
0500000US48479,83990
0500000US48481,17300
0500000US48483,2613
0500000US48485,55544
0500000US48487,5897
0500000US48489,6828
0500000US48491,228770
0500000US48493,18784
0500000US48495,3186
0500000US48497,26420
0500000US48499,21983
0500000US48501,3015
0500000US48503,8570
0500000US48505,6171
0500000US48507,3968
0500000US49001,2878
0500000US49003,19350
0500000US49005,43036
0500000US49007,9597
0500000US49009,1168
0500000US49011,113746
0500000US49013,8846
0500000US49015,4125
0500000US49017,3557
0500000US49019,5161
0500000US49021,21398
0500000US49023,3794
0500000US49025,5983
0500000US49027,4925
0500000US49029,3659
0500000US49031,867
0500000US49033,3038
0500000US49035,421276
0500000US49037,5549
0500000US49039,10281
0500000US49041,8545
0500000US49043,25827
0500000US49045,22632
0500000US49047,13643
0500000US49049,187546
0500000US49051,14108
0500000US49053,72586
0500000US49055,1670
0500000US49057,94767
0500000US50001,17352
0500000US50003,20845
0500000US50005,16021
0500000US50007,72326
0500000US50009,4890
0500000US50011,22594
0500000US50013,5247
0500000US50015,13790
0500000US50017,14975
0500000US50019,16436
0500000US50021,33906
0500000US50023,30612
0500000US50025,29923
0500000US50027,34602
0500000US51001,21661
0500000US51003,46661
0500000US51005,7948
0500000US51007,5675
0500000US51009,14229
0500000US51011,7261
0500000US51013,117546
0500000US51015,32502
0500000US51017,3349
0500000US51019,37207
0500000US51021,3204
0500000US51023,14867
0500000US51025,7944
0500000US51027,10475
0500000US51029,7178
0500000US51031,25159
0500000US51033,12373
0500000US51035,16616
0500000US51036,3261
0500000US51037,6003
0500000US51041,136775
0500000US51043,6341
0500000US51045,2623
0500000US51047,19020
0500000US51049,4638
0500000US51051,7382
0500000US51053,11775
0500000US51057,5744
0500000US51059,425294
0500000US51061,27966
0500000US51063,7933
0500000US51065,11061
0500000US51067,28339
0500000US51069,35335
0500000US51071,8312
0500000US51073,16952
0500000US51075,10321
0500000US51077,8956
0500000US51079,8420
0500000US51081,4029
0500000US51083,17387
0500000US51085,42692
0500000US51087,139826
0500000US51089,25545
0500000US51091,1800
0500000US51093,16304
0500000US51095,33771
0500000US51097,3452
0500000US51099,10248
0500000US51101,7304
0500000US51103,7454
0500000US51105,10947
0500000US51107,139439
0500000US51109,17409
0500000US51111,5880
0500000US51113,6036
0500000US51115,5502
0500000US51117,19003
0500000US51119,7125
0500000US51121,41085
0500000US51125,9902
0500000US51127,8919
0500000US51131,7364
0500000US51133,8986
0500000US51135,6639
0500000US51137,15529
0500000US51139,11750
0500000US51141,10014
0500000US51143,29656
0500000US51145,11415
0500000US51147,9119
0500000US51149,13239
0500000US51153,156845
0500000US51155,17016
0500000US51157,3843
0500000US51159,3934
0500000US51161,42007
0500000US51163,11261
0500000US51165,35388
0500000US51167,12857
0500000US51169,11790
0500000US51171,21114
0500000US51173,15148
0500000US51175,7703
0500000US51177,51085
0500000US51179,51947
0500000US51181,3410
0500000US51183,4645
0500000US51185,19946
0500000US51187,16656
0500000US51191,25490
0500000US51193,11080
0500000US51195,16820
0500000US51197,14033
0500000US51199,27633
0500000US51510,80040
0500000US51520,8692
0500000US51530,2941
0500000US51540,21285
0500000US51550,94035
0500000US51570,8107
0500000US51580,3046
0500000US51590,22264
0500000US51595,2794
0500000US51600,9294
0500000US51610,6069
0500000US51620,3878
0500000US51630,11961
0500000US51640,3255
0500000US51650,62183
0500000US51660,18569
0500000US51670,10395
0500000US51678,2377
0500000US51680,33637
0500000US51683,14234
0500000US51685,5459
0500000US51690,7065
0500000US51700,81418
0500000US51710,100947
0500000US51720,1801
0500000US51730,17853
0500000US51735,4906
0500000US51740,42934
0500000US51750,6460
0500000US51760,110224
0500000US51770,48537
0500000US51775,11086
0500000US51790,12264
0500000US51800,38021
0500000US51810,189187
0500000US51820,10201
0500000US51830,5686
0500000US51840,12268
0500000US53001,6696
0500000US53003,10039
0500000US53005,79020
0500000US53007,37125
0500000US53009,37681
0500000US53011,192003
0500000US53013,2180
0500000US53015,45210
0500000US53017,17188
0500000US53019,4104
0500000US53021,29194
0500000US53023,1220
0500000US53025,38306
0500000US53027,35928
0500000US53029,41783
0500000US53031,18960
0500000US53033,957123
0500000US53035,112718
0500000US53037,23505
0500000US53039,10485
0500000US53041,35271
0500000US53043,5745
0500000US53045,33219
0500000US53047,21845
0500000US53049,15999
0500000US53051,7968
0500000US53053,355970
0500000US53055,13739
0500000US53057,55285
0500000US53059,5785
0500000US53061,318604
0500000US53063,221968
0500000US53065,22102
0500000US53067,120086
0500000US53069,2161
0500000US53071,24855
0500000US53073,98941
0500000US53075,20732
0500000US53077,89952
0500000US54001,7212
0500000US54003,50184
0500000US54005,10255
0500000US54007,6390
0500000US54009,10740
0500000US54011,46171
0500000US54013,3270
0500000US54015,3982
0500000US54017,3324
0500000US54019,19392
0500000US54021,3123
0500000US54023,5705
0500000US54025,17988
0500000US54027,12597
0500000US54029,14262
0500000US54031,8141
0500000US54033,30635
0500000US54035,12959
0500000US54037,23607
0500000US54039,90662
0500000US54041,8178
0500000US54043,9598
0500000US54045,14984
0500000US54047,9563
0500000US54049,26300
0500000US54051,14870
0500000US54053,12268
0500000US54055,29415
0500000US54057,12541
0500000US54059,11659
0500000US54061,49161
0500000US54063,6387
0500000US54065,9166
0500000US54067,12572
0500000US54069,21200
0500000US54071,3833
0500000US54073,3232
0500000US54075,7023
0500000US54077,15154
0500000US54079,24688
0500000US54081,34793
0500000US54083,13180
0500000US54085,4310
0500000US54087,7183
0500000US54089,6668
0500000US54091,7456
0500000US54093,4733
0500000US54095,4212
0500000US54097,11209
0500000US54099,18306
0500000US54101,4498
0500000US54103,7351
0500000US54105,2775
0500000US54107,40311
0500000US54109,10061
0500000US55001,16797
0500000US55003,9422
0500000US55005,23744
0500000US55007,13205
0500000US55009,112253
0500000US55011,6542
0500000US55013,15251
0500000US55015,21416
0500000US55017,28540
0500000US55019,14767
0500000US55021,26555
0500000US55023,8686
0500000US55025,245879
0500000US55027,38029
0500000US55029,23826
0500000US55031,22896
0500000US55033,18639
0500000US55035,44765
0500000US55037,4650
0500000US55039,45584
0500000US55041,8666
0500000US55043,22084
0500000US55045,16208
0500000US55047,10670
0500000US55049,10897
0500000US55051,5587
0500000US55053,9652
0500000US55055,36255
0500000US55057,14480
0500000US55059,72020
0500000US55061,9243
0500000US55063,52225
0500000US55065,7172
0500000US55067,12196
0500000US55069,16133
0500000US55071,37741
0500000US55073,59629
0500000US55075,29330
0500000US55077,9755
0500000US55078,2145
0500000US55079,423363
0500000US55081,19766
0500000US55083,23766
0500000US55085,30486
0500000US55087,78678
0500000US55089,38766
0500000US55091,3584
0500000US55093,16736
0500000US55095,24145
0500000US55097,31072
0500000US55099,10770
0500000US55101,84183
0500000US55103,8521
0500000US55105,69841
0500000US55107,8627
0500000US55109,37002
0500000US55111,30680
0500000US55113,15974
0500000US55115,20401
0500000US55117,52158
0500000US55119,9525
0500000US55121,13207
0500000US55123,13837
0500000US55125,24598
0500000US55127,52935
0500000US55129,12760
0500000US55131,57985
0500000US55133,170906
0500000US55135,25456
0500000US55137,14727
0500000US55139,75914
0500000US55141,34466
0500000US56001,18546
0500000US56003,5340
0500000US56005,19851
0500000US56007,8226
0500000US56009,6621
0500000US56011,3663
0500000US56013,17481
0500000US56015,5875
0500000US56017,2531
0500000US56019,4592
0500000US56021,43882
0500000US56023,9432
0500000US56025,36755
0500000US56027,1361
0500000US56029,14466
0500000US56031,4612
0500000US56033,14817
0500000US56035,5246
0500000US56037,19174
0500000US56039,13255
0500000US56041,8819
0500000US56043,3842
0500000US56045,3431
0500000US72001,7584
0500000US72003,17565
0500000US72005,27336
0500000US72007,10790
0500000US72009,9852
0500000US72011,12566
0500000US72013,41040
0500000US72015,8226
0500000US72017,9985
0500000US72019,10898
0500000US72021,82577
0500000US72023,28902
0500000US72025,57286
0500000US72027,14071
0500000US72029,17529
0500000US72031,75941
0500000US72033,10775
0500000US72035,19742
0500000US72037,7328
0500000US72039,7335
0500000US72041,16129
0500000US72043,16120
0500000US72045,7243
0500000US72047,13001
0500000US72049,1464
0500000US72051,15763
0500000US72053,18336
0500000US72054,5001
0500000US72055,9413
0500000US72057,17904
0500000US72059,8271
0500000US72061,40225
0500000US72063,17014
0500000US72065,17044
0500000US72067,7638
0500000US72069,26463
0500000US72071,20069
0500000US72073,6177
0500000US72075,18513
0500000US72077,15791
0500000US72079,12039
0500000US72081,12360
0500000US72083,3954
0500000US72085,15045
0500000US72087,11515
0500000US72089,10411
0500000US72091,18515
0500000US72093,2643
0500000US72095,5044
0500000US72097,40717
0500000US72099,16183
0500000US72101,11935
0500000US72103,11270
0500000US72105,10391
0500000US72107,8971
0500000US72109,8355
0500000US72111,8573
0500000US72113,65563
0500000US72115,10342
0500000US72117,9329
0500000US72119,22674
0500000US72121,10828
0500000US72123,13068
0500000US72125,15712
0500000US72127,189079
0500000US72129,16056
0500000US72131,18290
0500000US72133,9135
0500000US72135,26328
0500000US72137,34889
0500000US72139,29042
0500000US72141,13306
0500000US72143,16019
0500000US72145,24695
0500000US72147,4967
0500000US72149,9380
0500000US72151,14548
0500000US72153,17713