Geography,Population for whom poverty status is determined
0500000US01001,57790
0500000US01003,223772
0500000US01005,22250
0500000US01007,21000
0500000US01009,58323
0500000US01011,9908
0500000US01013,18870
0500000US01015,113294
0500000US01017,34350
0500000US01019,24597
0500000US01021,44200
0500000US01023,12603
0500000US01025,22989
0500000US01027,13931
0500000US01029,14888
0500000US01031,52320
0500000US01033,56225
0500000US01035,11736
0500000US01037,10065
0500000US01039,36814
0500000US01041,13060
0500000US01043,86090
0500000US01045,47886
0500000US01047,38572
0500000US01049,70605
0500000US01051,82377
0500000US01053,33973
0500000US01055,102264
0500000US01057,16091
0500000US01059,31660
0500000US01061,26318
0500000US01063,7737
0500000US01065,14567
0500000US01067,16673
0500000US01069,105201
0500000US01071,52009
0500000US01073,657834
0500000US01075,13726
0500000US01077,91443
0500000US01079,32761
0500000US01081,166054
0500000US01083,97894
0500000US01085,10171
0500000US01087,17112
0500000US01089,372128
0500000US01091,19170
0500000US01093,28908
0500000US01095,95947
0500000US01097,408140
0500000US01099,19875
0500000US01101,221128
0500000US01103,120432
0500000US01105,7898
0500000US01107,17568
0500000US01109,31414
0500000US01111,21442
0500000US01113,57811
0500000US01115,88343
0500000US01117,217555
0500000US01119,11650
0500000US01121,78167
0500000US01123,40707
0500000US01125,213541
0500000US01127,63885
0500000US01129,15441
0500000US01131,10447
0500000US01133,23263
0500000US02013,3395
0500000US02016,4973
0500000US02020,286144
0500000US02050,18166
0500000US02060,825
0500000US02063,6912
0500000US02066,2619
0500000US02068,2126
0500000US02070,4855
0500000US02090,93048
0500000US02100,2072
0500000US02105,2326
0500000US02110,31813
0500000US02122,57538
0500000US02130,13778
0500000US02150,12960
0500000US02158,8274
0500000US02164,974
0500000US02170,104517
0500000US02180,9685
0500000US02185,10668
0500000US02188,7706
0500000US02195,3355
0500000US02198,5833
0500000US02220,8335
0500000US02230,1329
0500000US02240,6776
0500000US02275,2141
0500000US02282,562
0500000US02290,5381
0500000US04001,65161
0500000US04003,118514
0500000US04005,131883
0500000US04007,52130
0500000US04009,34754
0500000US04011,9479
0500000US04012,16499
0500000US04013,4308734
0500000US04015,207762
0500000US04017,103723
0500000US04019,1007434
0500000US04021,397347
0500000US04023,47204
0500000US04025,229192
0500000US04027,196465
0500000US05001,16997
0500000US05003,19217
0500000US05005,41023
0500000US05007,275459
0500000US05009,36840
0500000US05011,10503
0500000US05013,4687
0500000US05015,27856
0500000US05017,9786
0500000US05019,19279
0500000US05021,14527
0500000US05023,24543
0500000US05025,7554
0500000US05027,21137
0500000US05029,20565
0500000US05031,106022
0500000US05033,59567
0500000US05035,47618
0500000US05037,16694
0500000US05039,6007
0500000US05041,11447
0500000US05043,16544
0500000US05045,118237
0500000US05047,16890
0500000US05049,11892
0500000US05051,98150
0500000US05053,17669
0500000US05055,44755
0500000US05057,20090
0500000US05059,30929
0500000US05061,12724
0500000US05063,36789
0500000US05065,12645
0500000US05067,14710
0500000US05069,62225
0500000US05071,25160
0500000US05073,6230
0500000US05075,15786
0500000US05077,7320
0500000US05079,8330
0500000US05081,11881
0500000US05083,20991
0500000US05085,73066
0500000US05087,16382
0500000US05089,16586
0500000US05091,41571
0500000US05093,40003
0500000US05095,6812
0500000US05097,8397
0500000US05099,8164
0500000US05101,7288
0500000US05103,22482
0500000US05105,9957
0500000US05107,16807
0500000US05109,10051
0500000US05111,22697
0500000US05113,19211
0500000US05115,59964
0500000US05117,8079
0500000US05119,391464
0500000US05121,18032
0500000US05123,20545
0500000US05125,120872
0500000US05127,9867
0500000US05129,7777
0500000US05131,126057
0500000US05133,15890
0500000US05135,16975
0500000US05137,12271
0500000US05139,38894
0500000US05141,15671
0500000US05143,234846
0500000US05145,73527
0500000US05147,6126
0500000US05149,20129
0500000US06001,1646476
0500000US06003,1344
0500000US06005,36573
0500000US06007,212593
0500000US06009,44927
0500000US06011,21585
0500000US06013,1152417
0500000US06015,24770
0500000US06017,188914
0500000US06019,985123
0500000US06021,28368
0500000US06023,133833
0500000US06025,169729
0500000US06027,18421
0500000US06029,874826
0500000US06031,137175
0500000US06033,66317
0500000US06035,23043
0500000US06037,9861892
0500000US06039,147824
0500000US06041,257160
0500000US06043,16999
0500000US06045,90015
0500000US06047,272659
0500000US06049,8490
0500000US06051,13147
0500000US06053,422014
0500000US06055,135811
0500000US06057,100880
0500000US06059,3145848
0500000US06061,396956
0500000US06063,19293
0500000US06065,2369118
0500000US06067,1550537
0500000US06069,62921
0500000US06071,2117955
0500000US06073,3213232
0500000US06075,852231
0500000US06077,753690
0500000US06079,267267
0500000US06081,756587
0500000US06083,426632
0500000US06085,1901844
0500000US06087,260154
0500000US06089,178903
0500000US06091,3052
0500000US06093,43752
0500000US06095,440522
0500000US06097,485874
0500000US06099,546308
0500000US06101,98017
0500000US06103,64517
0500000US06105,15620
0500000US06107,464801
0500000US06109,51712
0500000US06111,832745
0500000US06113,209165
0500000US06115,78774
0500000US08001,510494
0500000US08003,15402
0500000US08005,645068
0500000US08007,13155
0500000US08009,3432
0500000US08011,4227
0500000US08013,316936
0500000US08014,72321
0500000US08015,18074
0500000US08017,1653
0500000US08019,9286
0500000US08021,7541
0500000US08023,3517
0500000US08025,4909
0500000US08027,4713
0500000US08029,29897
0500000US08031,694983
0500000US08033,2288
0500000US08035,350509
0500000US08037,55431
0500000US08039,25794
0500000US08041,703302
0500000US08043,38339
0500000US08045,60295
0500000US08047,5718
0500000US08049,15578
0500000US08051,16037
0500000US08053,858
0500000US08055,6628
0500000US08057,1370
0500000US08059,571357
0500000US08061,1385
0500000US08063,6989
0500000US08065,7304
0500000US08067,53769
0500000US08069,345329
0500000US08071,13931
0500000US08073,3840
0500000US08075,20905
0500000US08077,151047
0500000US08079,794
0500000US08081,13121
0500000US08083,25735
0500000US08085,41904
0500000US08087,28452
0500000US08089,18229
0500000US08091,4840
0500000US08093,17171
0500000US08095,4426
0500000US08097,17414
0500000US08099,11573
0500000US08101,163654
0500000US08103,6163
0500000US08105,11314
0500000US08107,24653
0500000US08109,6346
0500000US08111,698
0500000US08113,8046
0500000US08115,2424
0500000US08117,30854
0500000US08119,24508
0500000US08121,4560
0500000US08123,315304
0500000US08125,9628
0500000US09001,939754
0500000US09003,878283
0500000US09005,182806
0500000US09007,159560
0500000US09009,838405
0500000US09011,257900
0500000US09013,135408
0500000US09015,111578
0500000US10001,174712
0500000US10003,550455
0500000US10005,230435
0500000US11001,651618
0500000US12001,262920
0500000US12003,24807
0500000US12005,178905
0500000US12007,23960
0500000US12009,595483
0500000US12011,1918092
0500000US12013,11969
0500000US12015,180969
0500000US12017,149153
0500000US12019,214453
0500000US12021,369517
0500000US12023,64181
0500000US12027,32191
0500000US12029,15102
0500000US12031,961709
0500000US12033,301308
0500000US12035,112812
0500000US12037,10647
0500000US12039,40994
0500000US12041,16445
0500000US12043,10763
0500000US12045,12360
0500000US12047,10799
0500000US12049,23725
0500000US12051,38877
0500000US12053,189468
0500000US12055,99815
0500000US12057,1423727
0500000US12059,17852
0500000US12061,156730
0500000US12063,40437
0500000US12065,12814
0500000US12067,6967
0500000US12069,370352
0500000US12071,743628
0500000US12073,277688
0500000US12075,42056
0500000US12077,6554
0500000US12079,15933
0500000US12081,390383
0500000US12083,360734
0500000US12085,155071
0500000US12086,2655101
0500000US12087,81035
0500000US12089,87664
0500000US12091,202724
0500000US12093,36490
0500000US12095,1377713
0500000US12097,377685
0500000US12099,1460990
0500000US12101,543449
0500000US12103,942924
0500000US12105,699296
0500000US12107,71787
0500000US12109,262963
0500000US12111,321414
0500000US12113,177881
0500000US12115,423516
0500000US12117,463438
0500000US12119,118197
0500000US12121,41594
0500000US12123,18142
0500000US12125,10308
0500000US12127,538024
0500000US12129,29782
0500000US12131,71713
0500000US12133,22039
0500000US13001,18149
0500000US13003,8228
0500000US13005,10458
0500000US13007,2928
0500000US13009,39392
0500000US13011,18022
0500000US13013,81720
0500000US13015,106512
0500000US13017,16907
0500000US13019,17915
0500000US13021,150265
0500000US13023,11278
0500000US13025,17993
0500000US13027,16106
0500000US13029,43020
0500000US13031,69607
0500000US13033,23837
0500000US13035,22269
0500000US13037,3845
0500000US13039,52011
0500000US13043,10657
0500000US13045,114498
0500000US13047,66875
0500000US13049,11353
0500000US13051,283602
0500000US13053,6033
0500000US13055,22820
0500000US13057,259988
0500000US13059,116772
0500000US13061,2838
0500000US13063,288273
0500000US13065,6659
0500000US13067,750787
0500000US13069,39887
0500000US13071,45297
0500000US13073,153162
0500000US13075,16937
0500000US13077,144211
0500000US13079,11979
0500000US13081,19991
0500000US13083,14970
0500000US13085,25965
0500000US13087,27896
0500000US13089,745752
0500000US13091,18166
0500000US13093,9956
0500000US13095,83128
0500000US13097,141715
0500000US13099,10672
0500000US13101,3691
0500000US13103,62960
0500000US13105,19235
0500000US13107,21787
0500000US13109,10290
0500000US13111,24977
0500000US13113,116752
0500000US13115,93898
0500000US13117,244915
0500000US13119,22717
0500000US13121,1021572
0500000US13123,30772
0500000US13125,2839
0500000US13127,82913
0500000US13129,56605
0500000US13131,25872
0500000US13133,18285
0500000US13135,941554
0500000US13137,43319
0500000US13139,199714
0500000US13141,6369
0500000US13143,29284
0500000US13145,33775
0500000US13147,24969
0500000US13149,11289
0500000US13151,235062
0500000US13153,158920
0500000US13155,9352
0500000US13157,72988
0500000US13159,14314
0500000US13161,14676
0500000US13163,15200
0500000US13165,7964
0500000US13167,8451
0500000US13169,28037
0500000US13171,17174
0500000US13173,9589
0500000US13175,48240
0500000US13177,31227
0500000US13179,61986
0500000US13181,7588
0500000US13183,16081
0500000US13185,113052
0500000US13187,31702
0500000US13189,21509
0500000US13191,11170
0500000US13193,10296
0500000US13195,29670
0500000US13197,7466
0500000US13199,20500
0500000US13201,5846
0500000US13205,19681
0500000US13207,26633
0500000US13209,7866
0500000US13211,19367
0500000US13213,39323
0500000US13215,197913
0500000US13217,109616
0500000US13219,40727
0500000US13221,14610
0500000US13223,164651
0500000US13225,25918
0500000US13227,32578
0500000US13229,19472
0500000US13231,18458
0500000US13233,42439
0500000US13235,8566
0500000US13237,21732
0500000US13239,2249
0500000US13241,16444
0500000US13243,6250
0500000US13245,195580
0500000US13247,92044
0500000US13249,4622
0500000US13251,13629
0500000US13253,9008
0500000US13255,65491
0500000US13257,25483
0500000US13259,3378
0500000US13261,27656
0500000US13263,5805
0500000US13265,1574
0500000US13267,19066
0500000US13269,7708
0500000US13271,9990
0500000US13273,8784
0500000US13275,45076
0500000US13277,39156
0500000US13279,26601
0500000US13281,11426
0500000US13283,6042
0500000US13285,67841
0500000US13287,8568
0500000US13289,7984
0500000US13291,23629
0500000US13293,26587
0500000US13295,66214
0500000US13297,94356
0500000US13299,33570
0500000US13301,5152
0500000US13303,18144
0500000US13305,28201
0500000US13307,2368
0500000US13309,7390
0500000US13311,27211
0500000US13313,101659
0500000US13315,6884
0500000US13317,9506
0500000US13319,8798
0500000US13321,20507
0500000US15001,197496
0500000US15003,982273
0500000US15005,43
0500000US15007,72329
0500000US15009,162577
0500000US16001,475109
0500000US16003,4284
0500000US16005,84158
0500000US16007,6280
0500000US16009,9375
0500000US16011,46990
0500000US16013,23827
0500000US16015,7531
0500000US16017,46060
0500000US16019,120707
0500000US16021,11887
0500000US16023,2544
0500000US16025,1044
0500000US16027,224206
0500000US16029,6915
0500000US16031,24177
0500000US16033,839
0500000US16035,7895
0500000US16037,4244
0500000US16039,27459
0500000US16041,13913
0500000US16043,12810
0500000US16045,18212
0500000US16047,15310
0500000US16049,15928
0500000US16051,30358
0500000US16053,23873
0500000US16055,166430
0500000US16057,36415
0500000US16059,7827
0500000US16061,3596
0500000US16063,5140
0500000US16065,50663
0500000US16067,21227
0500000US16069,40862
0500000US16071,4490
0500000US16073,11672
0500000US16075,24671
0500000US16077,7818
0500000US16079,12918
0500000US16081,11478
0500000US16083,88051
0500000US16085,11352
0500000US16087,10330
0500000US17001,64573
0500000US17003,5364
0500000US17005,14807
0500000US17007,52988
0500000US17009,4437
0500000US17011,32845
0500000US17013,4421
0500000US17015,14712
0500000US17017,12919
0500000US17019,191377
0500000US17021,32222
0500000US17023,15311
0500000US17025,13089
0500000US17027,34885
0500000US17029,43948
0500000US17031,5179874
0500000US17033,16656
0500000US17035,10346
0500000US17037,96616
0500000US17039,15373
0500000US17041,19352
0500000US17043,921231
0500000US17045,16675
0500000US17047,6186
0500000US17049,34019
0500000US17051,20015
0500000US17053,13161
0500000US17055,37289
0500000US17057,31593
0500000US17059,5035
0500000US17061,11868
0500000US17063,51791
0500000US17065,7929
0500000US17067,17517
0500000US17069,3623
0500000US17071,6428
0500000US17073,48520
0500000US17075,26673
0500000US17077,50045
0500000US17079,9244
0500000US17081,35312
0500000US17083,20525
0500000US17085,21795
0500000US17087,10924
0500000US17089,512156
0500000US17091,103860
0500000US17093,130219
0500000US17095,45947
0500000US17097,696696
0500000US17099,106416
0500000US17101,13070
0500000US17103,31228
0500000US17105,33768
0500000US17107,24372
0500000US17109,24703
0500000US17111,308380
0500000US17113,162474
0500000US17115,100876
0500000US17117,44214
0500000US17119,260362
0500000US17121,36567
0500000US17123,11315
0500000US17125,13047
0500000US17127,13961
0500000US17129,12194
0500000US17131,15545
0500000US17133,34390
0500000US17135,25554
0500000US17137,30400
0500000US17139,14344
0500000US17141,50984
0500000US17143,177425
0500000US17145,18496
0500000US17147,16600
0500000US17149,14403
0500000US17151,3609
0500000US17153,5218
0500000US17155,5628
0500000US17157,27029
0500000US17159,15542
0500000US17161,139680
0500000US17163,254013
0500000US17165,23335
0500000US17167,192932
0500000US17169,6882
0500000US17171,4861
0500000US17173,20977
0500000US17175,5308
0500000US17177,44079
0500000US17179,129305
0500000US17181,17000
0500000US17183,71696
0500000US17185,11290
0500000US17187,15794
0500000US17189,13589
0500000US17191,16200
0500000US17193,13494
0500000US17195,54818
0500000US17197,686328
0500000US17199,64782
0500000US17201,280951
0500000US17203,37472
0500000US18001,34933
0500000US18003,375492
0500000US18005,80666
0500000US18007,8564
0500000US18009,11982
0500000US18011,68886
0500000US18013,15220
0500000US18015,20068
0500000US18017,36889
0500000US18019,118378
0500000US18021,25637
0500000US18023,32241
0500000US18025,10370
0500000US18027,32709
0500000US18029,49781
0500000US18031,25990
0500000US18033,42637
0500000US18035,105171
0500000US18037,42565
0500000US18039,202832
0500000US18041,23016
0500000US18043,77992
0500000US18045,16234
0500000US18047,22613
0500000US18049,19945
0500000US18051,32201
0500000US18053,61306
0500000US18055,30517
0500000US18057,339636
0500000US18059,77818
0500000US18061,39024
0500000US18063,168955
0500000US18065,45410
0500000US18067,81854
0500000US18069,35302
0500000US18071,44676
0500000US18073,32176
0500000US18075,20263
0500000US18077,30719
0500000US18079,26899
0500000US18081,156591
0500000US18083,34269
0500000US18085,78510
0500000US18087,39625
0500000US18089,490255
0500000US18091,104283
0500000US18093,44412
0500000US18095,123456
0500000US18097,950293
0500000US18099,45424
0500000US18101,9587
0500000US18103,33776
0500000US18105,124391
0500000US18107,36376
0500000US18109,70156
0500000US18111,13615
0500000US18113,46237
0500000US18115,5831
0500000US18117,19401
0500000US18119,20836
0500000US18121,14978
0500000US18123,17475
0500000US18125,11952
0500000US18127,168354
0500000US18129,25039
0500000US18131,12298
0500000US18133,31567
0500000US18135,24151
0500000US18137,28490
0500000US18139,16418
0500000US18141,259742
0500000US18143,23436
0500000US18145,43941
0500000US18147,19692
0500000US18149,23176
0500000US18151,32730
0500000US18153,18515
0500000US18155,9750
0500000US18157,169205
0500000US18159,15022
0500000US18161,6945
0500000US18163,172843
0500000US18165,15228
0500000US18167,98399
0500000US18169,29222
0500000US18171,8318
0500000US18173,62665
0500000US18175,27625
0500000US18177,63577
0500000US18179,27484
0500000US18181,24251
0500000US18183,33542
0500000US19001,7277
0500000US19003,3622
0500000US19005,13791
0500000US19007,12207
0500000US19009,5526
0500000US19011,25242
0500000US19013,126784
0500000US19015,26288
0500000US19017,23353
0500000US19019,20395
0500000US19021,19714
0500000US19023,14196
0500000US19025,9272
0500000US19027,20436
0500000US19029,12923
0500000US19031,18141
0500000US19033,42421
0500000US19035,11274
0500000US19037,11819
0500000US19039,9528
0500000US19041,16120
0500000US19043,16902
0500000US19045,45614
0500000US19047,16384
0500000US19049,96174
0500000US19051,8960
0500000US19053,7000
0500000US19055,17358
0500000US19057,38238
0500000US19059,17343
0500000US19061,95292
0500000US19063,8642
0500000US19065,19014
0500000US19067,15477
0500000US19069,9895
0500000US19071,6574
0500000US19073,8711
0500000US19075,12196
0500000US19077,10492
0500000US19079,14864
0500000US19081,10650
0500000US19083,16209
0500000US19085,14366
0500000US19087,18928
0500000US19089,9276
0500000US19091,9523
0500000US19093,6847
0500000US19095,16363
0500000US19097,19236
0500000US19099,36047
0500000US19101,15069
0500000US19103,144779
0500000US19105,19455
0500000US19107,9912
0500000US19109,14629
0500000US19111,32397
0500000US19113,223474
0500000US19115,10754
0500000US19117,8497
0500000US19119,11810
0500000US19121,16250
0500000US19123,21436
0500000US19125,31758
0500000US19127,38664
0500000US19129,14454
0500000US19131,10293
0500000US19133,8561
0500000US19135,7481
0500000US19137,10175
0500000US19139,42403
0500000US19141,13804
0500000US19143,6071
0500000US19145,14232
0500000US19147,8637
0500000US19149,25265
0500000US19151,6955
0500000US19153,480175
0500000US19155,91268
0500000US19157,17082
0500000US19159,4553
0500000US19161,9640
0500000US19163,170459
0500000US19165,11554
0500000US19167,33418
0500000US19169,86633
0500000US19171,16675
0500000US19173,5851
0500000US19175,11902
0500000US19177,7108
0500000US19179,34550
0500000US19181,50022
0500000US19183,22158
0500000US19185,6403
0500000US19187,34364
0500000US19189,10096
0500000US19191,17964
0500000US19193,102486
0500000US19195,7332
0500000US19197,12786
0500000US20001,12128
0500000US20003,7637
0500000US20005,15090
0500000US20007,4092
0500000US20009,25065
0500000US20011,13912
0500000US20013,9352
0500000US20015,64147
0500000US20017,2500
0500000US20019,3348
0500000US20021,19234
0500000US20023,2601
0500000US20025,1900
0500000US20027,7940
0500000US20029,8500
0500000US20031,8243
0500000US20033,1732
0500000US20035,32595
0500000US20037,37066
0500000US20039,2709
0500000US20041,18217
0500000US20043,6848
0500000US20045,110694
0500000US20047,2833
0500000US20049,2458
0500000US20051,27815
0500000US20053,5521
0500000US20055,37639
0500000US20057,33619
0500000US20059,25209
0500000US20061,35534
0500000US20063,2720
0500000US20065,2410
0500000US20067,7340
0500000US20069,5567
0500000US20071,1232
0500000US20073,5965
0500000US20075,2572
0500000US20077,5381
0500000US20079,32690
0500000US20081,3762
0500000US20083,1809
0500000US20085,13117
0500000US20087,18168
0500000US20089,2881
0500000US20091,599517
0500000US20093,3928
0500000US20095,7381
0500000US20097,2274
0500000US20099,19839
0500000US20101,1502
0500000US20103,76052
0500000US20105,2892
0500000US20107,9578
0500000US20109,2747
0500000US20111,31183
0500000US20113,28633
0500000US20115,11128
0500000US20117,9850
0500000US20119,3982
0500000US20121,33325
0500000US20123,5711
0500000US20125,30776
0500000US20127,5301
0500000US20129,2681
0500000US20131,9883
0500000US20133,15460
0500000US20135,2668
0500000US20137,4547
0500000US20139,15535
0500000US20141,3418
0500000US20143,5685
0500000US20145,5443
0500000US20147,4924
0500000US20149,24755
0500000US20151,8800
0500000US20153,2489
0500000US20155,59181
0500000US20157,4620
0500000US20159,8781
0500000US20161,63485
0500000US20163,4787
0500000US20165,2812
0500000US20167,6612
0500000US20169,52943
0500000US20171,5045
0500000US20173,513316
0500000US20175,21793
0500000US20177,174543
0500000US20179,2423
0500000US20181,5679
0500000US20183,3522
0500000US20185,3983
0500000US20187,2060
0500000US20189,5208
0500000US20191,22135
0500000US20193,7475
0500000US20195,2725
0500000US20197,6769
0500000US20199,1502
0500000US20201,5418
0500000US20203,2129
0500000US20205,8571
0500000US20207,3123
0500000US20209,166383
0500000US21001,17435
0500000US21003,20337
0500000US21005,23475
0500000US21007,7682
0500000US21009,43273
0500000US21011,12580
0500000US21013,23816
0500000US21015,133143
0500000US21017,19955
0500000US21019,46606
0500000US21021,27460
0500000US21023,8272
0500000US21025,13368
0500000US21027,19979
0500000US21029,80990
0500000US21031,12023
0500000US21033,12538
0500000US21035,33558
0500000US21037,89495
0500000US21039,4771
0500000US21041,10512
0500000US21043,26035
0500000US21045,15457
0500000US21047,65619
0500000US21049,36025
0500000US21051,19156
0500000US21053,9215
0500000US21055,8707
0500000US21057,5921
0500000US21059,99470
0500000US21061,11988
0500000US21063,5972
0500000US21065,14016
0500000US21067,308643
0500000US21069,14972
0500000US21071,35431
0500000US21073,49424
0500000US21075,6084
0500000US21077,8567
0500000US21079,16786
0500000US21081,24491
0500000US21083,36105
0500000US21085,26021
0500000US21087,10994
0500000US21089,35575
0500000US21091,8954
0500000US21093,107021
0500000US21095,26329
0500000US21097,18351
0500000US21099,18750
0500000US21101,43929
0500000US21103,15558
0500000US21105,4399
0500000US21107,44271
0500000US21109,12862
0500000US21111,764034
0500000US21113,51136
0500000US21115,22195
0500000US21117,166195
0500000US21119,13850
0500000US21121,29584
0500000US21123,14417
0500000US21125,61089
0500000US21127,16149
0500000US21129,6709
0500000US21131,10185
0500000US21133,21373
0500000US21135,12944
0500000US21137,23829
0500000US21139,8940
0500000US21141,26980
0500000US21143,7391
0500000US21145,65943
0500000US21147,15549
0500000US21149,9104
0500000US21151,85872
0500000US21153,11691
0500000US21155,18458
0500000US21157,30942
0500000US21159,10194
0500000US21161,16755
0500000US21163,29358
0500000US21165,6079
0500000US21167,22304
0500000US21169,10163
0500000US21171,11089
0500000US21173,27517
0500000US21175,12213
0500000US21177,30114
0500000US21179,45931
0500000US21181,7390
0500000US21183,23361
0500000US21185,64144
0500000US21187,11049
0500000US21189,3940
0500000US21191,14336
0500000US21193,27589
0500000US21195,57714
0500000US21197,12704
0500000US21199,63388
0500000US21201,2041
0500000US21203,15721
0500000US21205,21649
0500000US21207,17477
0500000US21209,54536
0500000US21211,46416
0500000US21213,18793
0500000US21215,19054
0500000US21217,24780
0500000US21219,11975
0500000US21221,13967
0500000US21223,8338
0500000US21225,13469
0500000US21227,125663
0500000US21229,11645
0500000US21231,19354
0500000US21233,12649
0500000US21235,34619
0500000US21237,6496
0500000US21239,26282
0500000US22001,57237
0500000US22003,18714
0500000US22005,124142
0500000US22007,21180
0500000US22009,36377
0500000US22011,35949
0500000US22013,12836
0500000US22015,125917
0500000US22017,235421
0500000US22019,209577
0500000US22021,9230
0500000US22023,5610
0500000US22025,7700
0500000US22027,12446
0500000US22029,17405
0500000US22031,26598
0500000US22033,445909
0500000US22035,5112
0500000US22037,16459
0500000US22039,31020
0500000US22041,18736
0500000US22043,18936
0500000US22045,69576
0500000US22047,27421
0500000US22049,14120
0500000US22051,435830
0500000US22053,31762
0500000US22055,235882
0500000US22057,95632
0500000US22059,13473
0500000US22061,45611
0500000US22063,139802
0500000US22065,8566
0500000US22067,24964
0500000US22069,36336
0500000US22071,371945
0500000US22073,153884
0500000US22075,23179
0500000US22077,20752
0500000US22079,126775
0500000US22081,7396
0500000US22083,19149
0500000US22085,22085
0500000US22087,43456
0500000US22089,51629
0500000US22091,10666
0500000US22093,20189
0500000US22095,42088
0500000US22097,81396
0500000US22099,51720
0500000US22101,49055
0500000US22103,260081
0500000US22105,128544
0500000US22107,4252
0500000US22109,108357
0500000US22111,20670
0500000US22113,57122
0500000US22115,46170
0500000US22117,43574
0500000US22119,36396
0500000US22121,26142
0500000US22123,9642
0500000US22125,11738
0500000US22127,12007
0500000US23001,107112
0500000US23003,65264
0500000US23005,292581
0500000US23007,28360
0500000US23009,54031
0500000US23011,119763
0500000US23013,38849
0500000US23015,34497
0500000US23017,56952
0500000US23019,145517
0500000US23021,16390
0500000US23023,36320
0500000US23025,49628
0500000US23027,38917
0500000US23029,30057
0500000US23031,207251
0500000US24001,60286
0500000US24003,568465
0500000US24005,830134
0500000US24009,91931
0500000US24011,32764
0500000US24013,168464
0500000US24015,102144
0500000US24017,163415
0500000US24019,32044
0500000US24021,262658
0500000US24023,28222
0500000US24025,257375
0500000US24027,326236
0500000US24029,17646
0500000US24031,1048143
0500000US24033,935655
0500000US24035,49150
0500000US24037,110424
0500000US24039,19029
0500000US24041,37090
0500000US24043,144920
0500000US24045,99081
0500000US24047,51584
0500000US24510,569917
0500000US25001,225094
0500000US25003,122888
0500000US25005,561262
0500000US25007,20085
0500000US25009,787960
0500000US25011,69966
0500000US25013,452068
0500000US25015,138333
0500000US25017,1568129
0500000US25019,13643
0500000US25021,702678
0500000US25023,516077
0500000US25025,748596
0500000US25027,829438
0500000US26001,10041
0500000US26003,7904
0500000US26005,118181
0500000US26007,28366
0500000US26009,23209
0500000US26011,14869
0500000US26013,7276
0500000US26015,61231
0500000US26017,103091
0500000US26019,17682
0500000US26021,151406
0500000US26023,42396
0500000US26025,130756
0500000US26027,51172
0500000US26029,25781
0500000US26031,25342
0500000US26033,33838
0500000US26035,30424
0500000US26037,78031
0500000US26039,12911
0500000US26041,36306
0500000US26043,25516
0500000US26045,107202
0500000US26047,33526
0500000US26049,401661
0500000US26051,25074
0500000US26053,14120
0500000US26055,93189
0500000US26057,35847
0500000US26059,44038
0500000US26061,34631
0500000US26063,31169
0500000US26065,268267
0500000US26067,62833
0500000US26069,24925
0500000US26071,11170
0500000US26073,59569
0500000US26075,151000
0500000US26077,253356
0500000US26079,17680
0500000US26081,644240
0500000US26083,2047
0500000US26085,11948
0500000US26087,86792
0500000US26089,22038
0500000US26091,94394
0500000US26093,191793
0500000US26095,4498
0500000US26097,10681
0500000US26099,870714
0500000US26101,23661
0500000US26103,63158
0500000US26105,28753
0500000US26107,37270
0500000US26109,22947
0500000US26111,82130
0500000US26113,14888
0500000US26115,152293
0500000US26117,63652
0500000US26119,9029
0500000US26121,169411
0500000US26123,49052
0500000US26125,1261186
0500000US26127,26207
0500000US26129,20341
0500000US26131,5829
0500000US26133,22459
0500000US26135,8153
0500000US26137,24644
0500000US26139,284054
0500000US26141,12837
0500000US26143,23121
0500000US26145,184395
0500000US26147,158115
0500000US26149,59879
0500000US26151,40223
0500000US26153,7891
0500000US26155,67316
0500000US26157,52255
0500000US26159,74623
0500000US26161,352632
0500000US26163,1770587
0500000US26165,33183
0500000US27001,15542
0500000US27003,357436
0500000US27005,34342
0500000US27007,43999
0500000US27009,40380
0500000US27011,5020
0500000US27013,65213
0500000US27015,24822
0500000US27017,34205
0500000US27019,104619
0500000US27021,29492
0500000US27023,12295
0500000US27025,54823
0500000US27027,61584
0500000US27029,8386
0500000US27031,5525
0500000US27033,11315
0500000US27035,64935
0500000US27037,432943
0500000US27039,20609
0500000US27041,38271
0500000US27043,13628
0500000US27045,20731
0500000US27047,30356
0500000US27049,46604
0500000US27051,5943
0500000US27053,1249220
0500000US27055,18554
0500000US27057,20872
0500000US27059,40246
0500000US27061,43870
0500000US27063,9849
0500000US27065,15721
0500000US27067,42531
0500000US27069,4073
0500000US27071,11934
0500000US27073,6605
0500000US27075,10655
0500000US27077,3714
0500000US27079,28318
0500000US27081,5485
0500000US27083,24424
0500000US27085,36286
0500000US27087,5288
0500000US27089,8929
0500000US27091,19850
0500000US27093,22911
0500000US27095,25812
0500000US27097,33392
0500000US27099,39161
0500000US27101,8090
0500000US27103,31826
0500000US27105,21895
0500000US27107,6316
0500000US27109,158267
0500000US27111,58744
0500000US27113,13866
0500000US27115,27328
0500000US27117,9218
0500000US27119,30199
0500000US27121,11014
0500000US27123,536204
0500000US27125,3905
0500000US27127,15127
0500000US27129,14423
0500000US27131,58615
0500000US27133,9440
0500000US27135,15044
0500000US27137,192339
0500000US27139,147688
0500000US27141,94130
0500000US27143,14821
0500000US27145,151152
0500000US27147,36863
0500000US27149,9401
0500000US27151,9683
0500000US27153,24740
0500000US27155,3283
0500000US27157,21212
0500000US27159,13634
0500000US27161,18037
0500000US27163,261262
0500000US27165,11105
0500000US27167,6391
0500000US27169,46459
0500000US27171,138525
0500000US27173,9469
0500000US28001,27632
0500000US28003,34128
0500000US28005,12622
0500000US28007,17777
0500000US28009,7622
0500000US28011,29534
0500000US28013,13243
0500000US28015,9749
0500000US28017,16588
0500000US28019,8153
0500000US28021,8262
0500000US28023,15591
0500000US28025,18539
0500000US28027,21259
0500000US28029,27533
0500000US28031,18252
0500000US28033,181319
0500000US28035,74632
0500000US28037,7628
0500000US28039,23583
0500000US28041,9681
0500000US28043,21340
0500000US28045,45529
0500000US28047,201757
0500000US28049,222786
0500000US28051,16566
0500000US28053,7838
0500000US28055,781
0500000US28057,22464
0500000US28059,141506
0500000US28061,16257
0500000US28063,6787
0500000US28065,11219
0500000US28067,66018
0500000US28069,8341
0500000US28071,51483
0500000US28073,63082
0500000US28075,70470
0500000US28077,12053
0500000US28079,20912
0500000US28081,82289
0500000US28083,27301
0500000US28085,34451
0500000US28087,57180
0500000US28089,106575
0500000US28091,23813
0500000US28093,31820
0500000US28095,33618
0500000US28097,9841
0500000US28099,28661
0500000US28101,20768
0500000US28103,10226
0500000US28105,47123
0500000US28107,33050
0500000US28109,54704
0500000US28111,11406
0500000US28113,39133
0500000US28115,30835
0500000US28117,23905
0500000US28119,6179
0500000US28121,150841
0500000US28123,27702
0500000US28125,4071
0500000US28127,25493
0500000US28129,14381
0500000US28131,17585
0500000US28133,22377
0500000US28135,12092
0500000US28137,26163
0500000US28139,21529
0500000US28141,18705
0500000US28143,9745
0500000US28145,27439
0500000US28147,13856
0500000US28149,44461
0500000US28151,44942
0500000US28153,19712
0500000US28155,9828
0500000US28157,7536
0500000US28159,17344
0500000US28161,12340
0500000US28163,22596
0500000US29001,22941
0500000US29003,17749
0500000US29005,5214
0500000US29007,23732
0500000US29009,33937
0500000US29011,11545
0500000US29013,15701
0500000US29015,19121
0500000US29017,10650
0500000US29019,173050
0500000US29021,81746
0500000US29023,41475
0500000US29025,8584
0500000US29027,40614
0500000US29029,42311
0500000US29031,77741
0500000US29033,8464
0500000US29035,5242
0500000US29037,105671
0500000US29039,13998
0500000US29041,7192
0500000US29043,86845
0500000US29045,6571
0500000US29047,247434
0500000US29049,20587
0500000US29051,72724
0500000US29053,15842
0500000US29055,22788
0500000US29057,7444
0500000US29059,16712
0500000US29061,8208
0500000US29063,8751
0500000US29065,14399
0500000US29067,11688
0500000US29069,27817
0500000US29071,102968
0500000US29073,14557
0500000US29075,6085
0500000US29077,285373
0500000US29079,9596
0500000US29081,8090
0500000US29083,21530
0500000US29085,8339
0500000US29087,4183
0500000US29089,9414
0500000US29091,39087
0500000US29093,9264
0500000US29095,702276
0500000US29097,119807
0500000US29099,223018
0500000US29101,49367
0500000US29103,3729
0500000US29105,35429
0500000US29107,32209
0500000US29109,37490
0500000US29111,9261
0500000US29113,57603
0500000US29115,11816
0500000US29117,13809
0500000US29119,23038
0500000US29121,14953
0500000US29123,12354
0500000US29125,8395
0500000US29127,27301
0500000US29129,3502
0500000US29131,24220
0500000US29133,11441
0500000US29135,14412
0500000US29137,8521
0500000US29139,11058
0500000US29141,20433
0500000US29143,16231
0500000US29145,57621
0500000US29147,18698
0500000US29149,8705
0500000US29151,13126
0500000US29153,8531
0500000US29155,15725
0500000US29157,18673
0500000US29159,42183
0500000US29161,41516
0500000US29163,16027
0500000US29165,104044
0500000US29167,29957
0500000US29169,43906
0500000US29171,4615
0500000US29173,10253
0500000US29175,22928
0500000US29177,22819
0500000US29179,5980
0500000US29181,10866
0500000US29183,394681
0500000US29185,8882
0500000US29186,18087
0500000US29187,61105
0500000US29189,981082
0500000US29195,21839
0500000US29197,4069
0500000US29199,4661
0500000US29201,37483
0500000US29203,6887
0500000US29205,5854
0500000US29207,28386
0500000US29209,30664
0500000US29211,5840
0500000US29213,54020
0500000US29215,23447
0500000US29217,19089
0500000US29219,34537
0500000US29221,22713
0500000US29223,11096
0500000US29225,37869
0500000US29227,1962
0500000US29229,17875
0500000US29510,294961
0500000US30001,8895
0500000US30003,12952
0500000US30005,6953
0500000US30007,6589
0500000US30009,10367
0500000US30011,1328
0500000US30013,82131
0500000US30015,5857
0500000US30017,11597
0500000US30019,1717
0500000US30021,8595
0500000US30023,8892
0500000US30025,2995
0500000US30027,11208
0500000US30029,102465
0500000US30031,112433
0500000US30033,972
0500000US30035,13525
0500000US30037,820
0500000US30039,3268
0500000US30041,15900
0500000US30043,11869
0500000US30045,2004
0500000US30047,30674
0500000US30049,68871
0500000US30051,2008
0500000US30053,19468
0500000US30055,1778
0500000US30057,8431
0500000US30059,1860
0500000US30061,4393
0500000US30063,114770
0500000US30065,4787
0500000US30067,16954
0500000US30069,426
0500000US30071,4184
0500000US30073,5839
0500000US30075,1731
0500000US30077,5347
0500000US30079,1197
0500000US30081,43386
0500000US30083,11333
0500000US30085,10445
0500000US30087,8365
0500000US30089,12109
0500000US30091,3461
0500000US30093,33955
0500000US30095,8876
0500000US30097,3661
0500000US30099,6090
0500000US30101,4446
0500000US30103,693
0500000US30105,7406
0500000US30107,2058
0500000US30109,998
0500000US30111,159972
0500000US31001,29690
0500000US31003,6217
0500000US31005,472
0500000US31007,601
0500000US31009,346
0500000US31011,5321
0500000US31013,10647
0500000US31015,1778
0500000US31017,2721
0500000US31019,47547
0500000US31021,6627
0500000US31023,8183
0500000US31025,25979
0500000US31027,8211
0500000US31029,3635
0500000US31031,5445
0500000US31033,9429
0500000US31035,5996
0500000US31037,10374
0500000US31039,8917
0500000US31041,10486
0500000US31043,20988
0500000US31045,7422
0500000US31047,23762
0500000US31049,1868
0500000US31051,5554
0500000US31053,36206
0500000US31055,566234
0500000US31057,1872
0500000US31059,5354
0500000US31061,2843
0500000US31063,2398
0500000US31065,4569
0500000US31067,21305
0500000US31069,1699
0500000US31071,1823
0500000US31073,1775
0500000US31075,692
0500000US31077,2188
0500000US31079,61561
0500000US31081,9261
0500000US31083,3176
0500000US31085,891
0500000US31087,2593
0500000US31089,10044
0500000US31091,676
0500000US31093,6414
0500000US31095,7069
0500000US31097,4268
0500000US31099,6528
0500000US31101,8216
0500000US31103,946
0500000US31105,3520
0500000US31107,8251
0500000US31109,306850
0500000US31111,34124
0500000US31113,865
0500000US31115,665
0500000US31117,475
0500000US31119,34599
0500000US31121,7552
0500000US31123,4468
0500000US31125,3291
0500000US31127,6500
0500000US31129,4066
0500000US31131,15675
0500000US31133,2517
0500000US31135,2835
0500000US31137,8671
0500000US31139,7137
0500000US31141,33721
0500000US31143,5140
0500000US31145,10375
0500000US31147,7762
0500000US31149,1260
0500000US31151,13486
0500000US31153,186708
0500000US31155,21726
0500000US31157,35325
0500000US31159,16201
0500000US31161,5069
0500000US31163,2931
0500000US31165,1081
0500000US31167,5805
0500000US31169,4889
0500000US31171,562
0500000US31173,6725
0500000US31175,3969
0500000US31177,20449
0500000US31179,8136
0500000US31181,3361
0500000US31183,735
0500000US31185,13222
0500000US32001,24461
0500000US32003,2205977
0500000US32005,48814
0500000US32007,52536
0500000US32009,981
0500000US32011,1598
0500000US32013,17016
0500000US32015,5686
0500000US32017,4056
0500000US32019,57787
0500000US32021,4484
0500000US32023,49280
0500000US32027,4866
0500000US32029,4032
0500000US32031,473453
0500000US32033,7582
0500000US32510,55530
0500000US33001,62642
0500000US33003,49311
0500000US33005,72022
0500000US33007,29324
0500000US33009,84830
0500000US33011,412807
0500000US33013,146723
0500000US33015,310070
0500000US33017,120582
0500000US33019,42371
0500000US34001,268046
0500000US34003,942365
0500000US34005,448202
0500000US34007,514355
0500000US34009,93848
0500000US34011,142878
0500000US34013,831578
0500000US34015,296358
0500000US34017,704304
0500000US34019,124957
0500000US34021,368123
0500000US34023,831228
0500000US34025,635691
0500000US34027,500305
0500000US34029,622935
0500000US34031,513811
0500000US34033,63293
0500000US34035,340361
0500000US34037,143027
0500000US34039,565128
0500000US34041,107700
0500000US35001,667031
0500000US35003,3537
0500000US35005,62457
0500000US35006,25897
0500000US35007,11830
0500000US35009,47689
0500000US35011,1856
0500000US35013,212381
0500000US35015,60401
0500000US35017,27294
0500000US35019,3774
0500000US35021,533
0500000US35023,4116
0500000US35025,70064
0500000US35027,19871
0500000US35028,19092
0500000US35029,24903
0500000US35031,72252
0500000US35033,4215
0500000US35035,63814
0500000US35037,8460
0500000US35039,40137
0500000US35041,18106
0500000US35043,146075
0500000US35045,121148
0500000US35047,25900
0500000US35049,151070
0500000US35051,11207
0500000US35053,15915
0500000US35055,34122
0500000US35057,14921
0500000US35059,3502
0500000US35061,74050
0500000US36001,298762
0500000US36003,41571
0500000US36005,1433574
0500000US36007,188745
0500000US36009,74788
0500000US36011,71990
0500000US36013,122618
0500000US36015,79941
0500000US36017,46485
0500000US36019,72505
0500000US36021,59696
0500000US36023,43213
0500000US36025,42407
0500000US36027,279766
0500000US36029,925017
0500000US36031,34906
0500000US36033,42862
0500000US36035,52394
0500000US36037,57333
0500000US36039,44770
0500000US36041,5019
0500000US36043,59517
0500000US36045,110671
0500000US36047,2685920
0500000US36049,26388
0500000US36051,56436
0500000US36053,63047
0500000US36055,731851
0500000US36057,48709
0500000US36059,1371412
0500000US36061,1621702
0500000US36063,208984
0500000US36065,220439
0500000US36067,454912
0500000US36069,108685
0500000US36071,387840
0500000US36073,37929
0500000US36075,112316
0500000US36077,53708
0500000US36079,96570
0500000US36081,2366297
0500000US36083,155369
0500000US36085,487972
0500000US36087,332165
0500000US36089,96869
0500000US36091,231364
0500000US36093,153281
0500000US36095,28569
0500000US36097,17681
0500000US36099,31022
0500000US36101,92576
0500000US36103,1496123
0500000US36105,74094
0500000US36107,47971
0500000US36109,91682
0500000US36111,174144
0500000US36113,64849
0500000US36115,57960
0500000US36117,90356
0500000US36119,977049
0500000US36121,37811
0500000US36123,23528
0500000US37001,164869
0500000US37003,35131
0500000US37005,10816
0500000US37007,20893
0500000US37009,26333
0500000US37011,14645
0500000US37013,44336
0500000US37015,16780
0500000US37017,29734
0500000US37019,132910
0500000US37021,260648
0500000US37023,85481
0500000US37025,219369
0500000US37027,79526
0500000US37029,10353
0500000US37031,66630
0500000US37033,21608
0500000US37035,156937
0500000US37037,74285
0500000US37039,28174
0500000US37041,13545
0500000US37043,10930
0500000US37045,97041
0500000US37047,48708
0500000US37049,96057
0500000US37051,316744
0500000US37053,27370
0500000US37055,36454
0500000US37057,166072
0500000US37059,42314
0500000US37061,49331
0500000US37063,306261
0500000US37065,48931
0500000US37067,369892
0500000US37069,66147
0500000US37071,222470
0500000US37073,10467
0500000US37075,7978
0500000US37077,57957
0500000US37079,18163
0500000US37081,517118
0500000US37083,48079
0500000US37085,129760
0500000US37087,60956
0500000US37089,114405
0500000US37091,19781
0500000US37093,50632
0500000US37095,4234
0500000US37097,182174
0500000US37099,39235
0500000US37101,209221
0500000US37103,9252
0500000US37105,61349
0500000US37107,54366
0500000US37109,84906
0500000US37111,43456
0500000US37113,36241
0500000US37115,20344
0500000US37117,21882
0500000US37119,1084575
0500000US37121,14566
0500000US37123,24886
0500000US37125,97026
0500000US37127,92662
0500000US37129,218563
0500000US37131,17187
0500000US37133,180341
0500000US37135,135586
0500000US37137,11598
0500000US37139,37623
0500000US37141,58786
0500000US37143,12897
0500000US37145,38639
0500000US37147,163607
0500000US37149,19159
0500000US37151,142034
0500000US37153,42020
0500000US37155,115360
0500000US37157,89247
0500000US37159,141890
0500000US37161,63462
0500000US37163,58611
0500000US37165,32322
0500000US37167,60334
0500000US37169,43927
0500000US37171,70495
0500000US37173,13984
0500000US37175,31984
0500000US37177,2685
0500000US37179,232675
0500000US37181,42205
0500000US37183,1091838
0500000US37185,18144
0500000US37187,11043
0500000US37189,48383
0500000US37191,114982
0500000US37193,65205
0500000US37195,77448
0500000US37197,36876
0500000US37199,18223
0500000US38001,2177
0500000US38003,10372
0500000US38005,6042
0500000US38007,833
0500000US38009,6135
0500000US38011,2953
0500000US38013,2163
0500000US38015,94818
0500000US38017,178634
0500000US38019,3631
0500000US38021,4818
0500000US38023,2126
0500000US38025,4001
0500000US38027,2271
0500000US38029,3264
0500000US38031,3308
0500000US38033,1751
0500000US38035,68829
0500000US38037,2311
0500000US38039,2157
0500000US38041,2338
0500000US38043,2325
0500000US38045,4087
0500000US38047,1749
0500000US38049,5331
0500000US38051,2472
0500000US38053,13569
0500000US38055,9690
0500000US38057,8190
0500000US38059,32314
0500000US38061,9649
0500000US38063,2946
0500000US38065,1850
0500000US38067,6695
0500000US38069,3885
0500000US38071,11174
0500000US38073,5527
0500000US38075,2264
0500000US38077,15458
0500000US38079,12237
0500000US38081,3794
0500000US38083,1317
0500000US38085,3929
0500000US38087,775
0500000US38089,31965
0500000US38091,1870
0500000US38093,20125
0500000US38095,2136
0500000US38097,7630
0500000US38099,10440
0500000US38101,67463
0500000US38103,3958
0500000US38105,37947
0500000US39001,27121
0500000US39003,98199
0500000US39005,50519
0500000US39007,94675
0500000US39009,53889
0500000US39011,45628
0500000US39013,63062
0500000US39015,42981
0500000US39017,375648
0500000US39019,26409
0500000US39021,37814
0500000US39023,132463
0500000US39025,205643
0500000US39027,40636
0500000US39029,98693
0500000US39031,36090
0500000US39033,40935
0500000US39035,1238405
0500000US39037,51125
0500000US39039,37547
0500000US39041,208242
0500000US39043,74425
0500000US39045,154351
0500000US39047,28466
0500000US39049,1284007
0500000US39051,42192
0500000US39053,28663
0500000US39055,94375
0500000US39057,158129
0500000US39059,38044
0500000US39061,808469
0500000US39063,73109
0500000US39065,28185
0500000US39067,14280
0500000US39069,27171
0500000US39071,42445
0500000US39073,27720
0500000US39075,43371
0500000US39077,57919
0500000US39079,31905
0500000US39081,63377
0500000US39083,58692
0500000US39085,229106
0500000US39087,57638
0500000US39089,173045
0500000US39091,45535
0500000US39093,302300
0500000US39095,421428
0500000US39097,38754
0500000US39099,222537
0500000US39101,59829
0500000US39103,179829
0500000US39105,22008
0500000US39107,41379
0500000US39109,106811
0500000US39111,13364
0500000US39113,517512
0500000US39115,13777
0500000US39117,34449
0500000US39119,83933
0500000US39121,11870
0500000US39123,39851
0500000US39125,18676
0500000US39127,35059
0500000US39129,53970
0500000US39131,26806
0500000US39133,153879
0500000US39135,40598
0500000US39137,33990
0500000US39139,117021
0500000US39141,71389
0500000US39143,57935
0500000US39145,70905
0500000US39147,51941
0500000US39149,47605
0500000US39151,365421
0500000US39153,531210
0500000US39155,198305
0500000US39157,91608
0500000US39159,58429
0500000US39161,28400
0500000US39163,12752
0500000US39165,231645
0500000US39167,58211
0500000US39169,112363
0500000US39171,35879
0500000US39173,125774
0500000US39175,21601
0500000US40001,19623
0500000US40003,4680
0500000US40005,12843
0500000US40007,4990
0500000US40009,19169
0500000US40011,7491
0500000US40013,44613
0500000US40015,25739
0500000US40017,148638
0500000US40019,47358
0500000US40021,45654
0500000US40023,14053
0500000US40025,2258
0500000US40027,280542
0500000US40029,5216
0500000US40031,112206
0500000US40033,5427
0500000US40035,13334
0500000US40037,70736
0500000US40039,27079
0500000US40041,40155
0500000US40043,4466
0500000US40045,3756
0500000US40047,60780
0500000US40049,25594
0500000US40051,53704
0500000US40053,4058
0500000US40055,4622
0500000US40057,2475
0500000US40059,3268
0500000US40061,11597
0500000US40063,12133
0500000US40065,24256
0500000US40067,5361
0500000US40069,10074
0500000US40071,43115
0500000US40073,15071
0500000US40075,8362
0500000US40077,9239
0500000US40079,47027
0500000US40081,33167
0500000US40083,47610
0500000US40085,10025
0500000US40087,41002
0500000US40089,30706
0500000US40091,18741
0500000US40093,7593
0500000US40095,15194
0500000US40097,38649
0500000US40099,13436
0500000US40101,63255
0500000US40103,10810
0500000US40105,9304
0500000US40107,10402
0500000US40109,776733
0500000US40111,35448
0500000US40113,44561
0500000US40115,29521
0500000US40117,15476
0500000US40119,73493
0500000US40121,41787
0500000US40123,36835
0500000US40125,69288
0500000US40127,10741
0500000US40129,3433
0500000US40131,93059
0500000US40133,23106
0500000US40135,39203
0500000US40137,42259
0500000US40139,21011
0500000US40141,6769
0500000US40143,655011
0500000US40145,79991
0500000US40147,51347
0500000US40149,10659
0500000US40151,7880
0500000US40153,19540
0500000US41001,15952
0500000US41003,89001
0500000US41005,415695
0500000US41007,40215
0500000US41009,51819
0500000US41011,63524
0500000US41013,24178
0500000US41015,23084
0500000US41017,193647
0500000US41019,109312
0500000US41021,1933
0500000US41023,7059
0500000US41025,7288
0500000US41027,23693
0500000US41029,219181
0500000US41031,22968
0500000US41033,86479
0500000US41035,67884
0500000US41037,7579
0500000US41039,372681
0500000US41041,49204
0500000US41043,124678
0500000US41045,27562
0500000US41047,334636
0500000US41049,11932
0500000US41051,795930
0500000US41053,84325
0500000US41055,1782
0500000US41057,26458
0500000US41059,75165
0500000US41061,25607
0500000US41063,7251
0500000US41065,26134
0500000US41067,591235
0500000US41069,1460
0500000US41071,101802
0500000US42001,99662
0500000US42003,1214621
0500000US42005,65296
0500000US42007,165585
0500000US42009,47081
0500000US42011,414193
0500000US42013,120244
0500000US42015,59503
0500000US42017,634873
0500000US42019,187410
0500000US42021,127785
0500000US42023,4561
0500000US42025,63568
0500000US42027,140304
0500000US42029,518825
0500000US42031,36359
0500000US42033,74757
0500000US42035,36235
0500000US42037,60912
0500000US42039,80833
0500000US42041,243950
0500000US42043,279554
0500000US42045,553285
0500000US42047,30634
0500000US42049,258780
0500000US42051,124503
0500000US42053,4289
0500000US42055,153466
0500000US42057,14478
0500000US42059,32746
0500000US42061,38963
0500000US42063,78184
0500000US42065,43655
0500000US42067,23339
0500000US42069,207975
0500000US42071,538672
0500000US42073,84136
0500000US42075,138899
0500000US42077,363394
0500000US42079,313228
0500000US42081,107625
0500000US42083,37803
0500000US42085,104210
0500000US42087,45425
0500000US42089,165844
0500000US42091,829578
0500000US42093,17346
0500000US42095,300063
0500000US42097,88023
0500000US42099,45259
0500000US42101,1554202
0500000US42103,57946
0500000US42105,16227
0500000US42107,135952
0500000US42109,37434
0500000US42111,69162
0500000US42113,5730
0500000US42115,38415
0500000US42117,40613
0500000US42119,34501
0500000US42121,49672
0500000US42123,38151
0500000US42125,203921
0500000US42127,47474
0500000US42129,347950
0500000US42131,25520
0500000US42133,445469
0500000US44001,46778
0500000US44003,167921
0500000US44005,81471
0500000US44007,630220
0500000US44009,123924
0500000US45001,23678
0500000US45003,165389
0500000US45005,7400
0500000US45007,199597
0500000US45009,12809
0500000US45011,20509
0500000US45013,180969
0500000US45015,220922
0500000US45017,13983
0500000US45019,394290
0500000US45021,55365
0500000US45023,32055
0500000US45025,43131
0500000US45027,30338
0500000US45029,37548
0500000US45031,62308
0500000US45033,28103
0500000US45035,157586
0500000US45037,23683
0500000US45039,20970
0500000US45041,134265
0500000US45043,62420
0500000US45045,507454
0500000US45047,66816
0500000US45049,18169
0500000US45051,339455
0500000US45053,27435
0500000US45055,64770
0500000US45057,92421
0500000US45059,65125
0500000US45061,15382
0500000US45063,288748
0500000US45065,8526
0500000US45067,29184
0500000US45069,24395
0500000US45071,36757
0500000US45073,77146
0500000US45075,82106
0500000US45077,122863
0500000US45079,385883
0500000US45081,18745
0500000US45083,315476
0500000US45085,103127
0500000US45087,26900
0500000US45089,29747
0500000US45091,272168
0500000US46003,2514
0500000US46005,18688
0500000US46007,3338
0500000US46009,5520
0500000US46011,30769
0500000US46013,37447
0500000US46015,5087
0500000US46017,1957
0500000US46019,9990
0500000US46021,1542
0500000US46023,9043
0500000US46025,3709
0500000US46027,12418
0500000US46029,27911
0500000US46031,3943
0500000US46033,8186
0500000US46035,19010
0500000US46037,5373
0500000US46039,4237
0500000US46041,5287
0500000US46043,2740
0500000US46045,3887
0500000US46047,6777
0500000US46049,2104
0500000US46051,7467
0500000US46053,3958
0500000US46055,1833
0500000US46057,5959
0500000US46059,3010
0500000US46061,3424
0500000US46063,1164
0500000US46065,16702
0500000US46067,7230
0500000US46069,1346
0500000US46071,2779
0500000US46073,1774
0500000US46075,916
0500000US46077,5048
0500000US46079,10857
0500000US46081,24756
0500000US46083,62556
0500000US46085,3711
0500000US46087,5529
0500000US46089,2158
0500000US46091,4287
0500000US46093,28761
0500000US46095,1845
0500000US46097,2241
0500000US46099,189439
0500000US46101,6228
0500000US46102,13744
0500000US46103,105761
0500000US46105,2938
0500000US46107,2528
0500000US46109,10041
0500000US46111,2317
0500000US46115,6284
0500000US46117,2947
0500000US46119,1273
0500000US46121,9269
0500000US46123,5375
0500000US46125,8445
0500000US46127,16248
0500000US46129,5279
0500000US46135,21798
0500000US46137,2473
0500000US47001,75048
0500000US47003,49114
0500000US47005,15727
0500000US47007,13584
0500000US47009,131991
0500000US47011,104257
0500000US47013,38374
0500000US47015,14153
0500000US47017,27451
0500000US47019,54602
0500000US47021,40439
0500000US47023,15917
0500000US47025,30515
0500000US47027,7483
0500000US47029,35338
0500000US47031,56559
0500000US47033,13811
0500000US47035,59846
0500000US47037,686677
0500000US47039,11251
0500000US47041,19474
0500000US47043,53405
0500000US47045,36384
0500000US47047,40972
0500000US47049,17930
0500000US47051,40138
0500000US47053,49162
0500000US47055,29316
0500000US47057,23202
0500000US47059,67848
0500000US47061,13256
0500000US47063,62817
0500000US47065,353144
0500000US47067,6445
0500000US47069,21664
0500000US47071,26231
0500000US47073,55939
0500000US47075,17683
0500000US47077,27232
0500000US47079,31714
0500000US47081,23022
0500000US47083,7951
0500000US47085,18397
0500000US47087,11381
0500000US47089,52501
0500000US47091,15786
0500000US47093,464114
0500000US47095,4568
0500000US47097,22837
0500000US47099,43316
0500000US47101,12238
0500000US47103,34436
0500000US47105,53907
0500000US47107,51482
0500000US47109,25502
0500000US47111,24563
0500000US47113,94554
0500000US47115,28308
0500000US47117,33317
0500000US47119,97757
0500000US47121,12412
0500000US47123,44617
0500000US47125,211555
0500000US47127,6387
0500000US47129,18442
0500000US47131,30194
0500000US47133,22042
0500000US47135,8147
0500000US47137,4955
0500000US47139,17146
0500000US47141,75476
0500000US47143,31802
0500000US47145,52669
0500000US47147,71395
0500000US47149,330068
0500000US47151,21279
0500000US47153,15479
0500000US47155,96379
0500000US47157,912114
0500000US47159,19624
0500000US47161,13275
0500000US47163,155374
0500000US47165,190939
0500000US47167,59951
0500000US47169,9300
0500000US47171,17473
0500000US47173,19309
0500000US47175,5963
0500000US47177,40246
0500000US47179,127292
0500000US47181,14326
0500000US47183,30615
0500000US47185,26722
0500000US47187,241355
0500000US47189,142560
0500000US48001,45320
0500000US48003,18110
0500000US48005,84085
0500000US48007,23779
0500000US48009,8557
0500000US48011,1926
0500000US48013,47821
0500000US48015,29849
0500000US48017,6778
0500000US48019,20453
0500000US48021,92660
0500000US48023,3388
0500000US48025,23484
0500000US48027,352000
0500000US48029,1955990
0500000US48031,11129
0500000US48033,550
0500000US48035,17958
0500000US48037,87323
0500000US48039,356337
0500000US48041,215076
0500000US48043,9279
0500000US48045,1256
0500000US48047,6493
0500000US48049,36412
0500000US48051,17457
0500000US48053,47488
0500000US48055,43082
0500000US48057,20101
0500000US48059,13647
0500000US48061,417979
0500000US48063,12425
0500000US48065,5827
0500000US48067,28340
0500000US48069,7386
0500000US48071,44886
0500000US48073,47422
0500000US48075,5217
0500000US48077,10159
0500000US48079,2525
0500000US48081,3166
0500000US48083,7753
0500000US48085,1033776
0500000US48087,2887
0500000US48089,20040
0500000US48091,155189
0500000US48093,13352
0500000US48095,2334
0500000US48097,40527
0500000US48099,65949
0500000US48101,1560
0500000US48103,4562
0500000US48105,2893
0500000US48107,5185
0500000US48109,2203
0500000US48111,7024
0500000US48113,2576174
0500000US48115,10510
0500000US48117,18375
0500000US48119,5198
0500000US48121,873490
0500000US48123,17995
0500000US48125,1482
0500000US48127,8733
0500000US48129,2985
0500000US48131,9433
0500000US48133,16897
0500000US48135,159627
0500000US48137,1351
0500000US48139,186056
0500000US48141,846265
0500000US48143,40318
0500000US48145,15284
0500000US48147,32506
0500000US48149,24078
0500000US48151,3678
0500000US48153,5433
0500000US48155,1045
0500000US48157,800125
0500000US48159,10304
0500000US48161,18081
0500000US48163,14545
0500000US48165,21079
0500000US48167,340984
0500000US48169,4286
0500000US48171,26441
0500000US48173,1221
0500000US48175,7001
0500000US48177,19454
0500000US48179,19707
0500000US48181,131670
0500000US48183,120077
0500000US48185,25108
0500000US48187,167669
0500000US48189,30829
0500000US48191,2832
0500000US48193,8036
0500000US48195,5272
0500000US48197,3464
0500000US48199,55488
0500000US48201,4650386
0500000US48203,66734
0500000US48205,4060
0500000US48207,5119
0500000US48209,227637
0500000US48211,3416
0500000US48213,80247
0500000US48215,856004
0500000US48217,34697
0500000US48219,20924
0500000US48221,59821
0500000US48223,36083
0500000US48225,19089
0500000US48227,30584
0500000US48229,2365
0500000US48231,96203
0500000US48233,20678
0500000US48235,1555
0500000US48237,7427
0500000US48239,14670
0500000US48241,32387
0500000US48243,1970
0500000US48245,240752
0500000US48247,4758
0500000US48249,38793
0500000US48251,173947
0500000US48253,13177
0500000US48255,11509
0500000US48257,138519
0500000US48259,43326
0500000US48261,169
0500000US48263,583
0500000US48265,50866
0500000US48267,4248
0500000US48269,229
0500000US48271,2980
0500000US48273,29204
0500000US48275,3278
0500000US48277,49329
0500000US48279,12944
0500000US48281,21266
0500000US48283,6042
0500000US48285,19878
0500000US48287,17027
0500000US48289,15806
0500000US48291,82959
0500000US48293,21502
0500000US48295,3061
0500000US48297,9971
0500000US48299,21054
0500000US48301,83
0500000US48303,296491
0500000US48305,5511
0500000US48307,7485
0500000US48309,248091
0500000US48311,729
0500000US48313,11247
0500000US48315,9659
0500000US48317,5170
0500000US48319,3940
0500000US48321,35939
0500000US48323,57562
0500000US48325,48169
0500000US48327,1947
0500000US48329,165142
0500000US48331,24439
0500000US48333,4354
0500000US48335,7164
0500000US48337,19533
0500000US48339,604657
0500000US48341,21336
0500000US48343,11746
0500000US48345,1269
0500000US48347,59534
0500000US48349,50868
0500000US48351,12363
0500000US48353,14496
0500000US48355,345659
0500000US48357,9980
0500000US48359,1801
0500000US48361,84087
0500000US48363,27963
0500000US48365,22138
0500000US48367,142751
0500000US48369,9781
0500000US48371,12913
0500000US48373,45923
0500000US48375,112210
0500000US48377,6323
0500000US48379,11922
0500000US48381,136446
0500000US48383,3338
0500000US48385,2663
0500000US48387,11513
0500000US48389,13499
0500000US48391,6677
0500000US48393,710
0500000US48395,16651
0500000US48397,104487
0500000US48399,9596
0500000US48401,48008
0500000US48403,9862
0500000US48405,7742
0500000US48407,27210
0500000US48409,67647
0500000US48411,5120
0500000US48413,2547
0500000US48415,14991
0500000US48417,3113
0500000US48419,24064
0500000US48421,2321
0500000US48423,225826
0500000US48425,8961
0500000US48427,65038
0500000US48429,8733
0500000US48431,1361
0500000US48433,1322
0500000US48435,3398
0500000US48437,6423
0500000US48439,2065361
0500000US48441,135713
0500000US48443,979
0500000US48445,11158
0500000US48447,1426
0500000US48449,31032
0500000US48451,112961
0500000US48453,1242158
0500000US48455,13510
0500000US48457,17786
0500000US48459,40271
0500000US48461,3280
0500000US48463,24360
0500000US48465,45817
0500000US48467,57882
0500000US48469,89542
0500000US48471,60482
0500000US48473,51673
0500000US48475,11279
0500000US48477,33584
0500000US48479,264129
0500000US48481,40968
0500000US48483,5031
0500000US48485,116405
0500000US48487,12365
0500000US48489,19135
0500000US48491,587222
0500000US48493,48772
0500000US48495,7537
0500000US48497,66688
0500000US48499,42964
0500000US48501,7707
0500000US48503,17609
0500000US48505,13852
0500000US48507,9811
0500000US49001,6792
0500000US49003,56522
0500000US49005,128586
0500000US49007,19895
0500000US49009,515
0500000US49011,356055
0500000US49013,19309
0500000US49015,9739
0500000US49017,4870
0500000US49019,9563
0500000US49021,55261
0500000US49023,11518
0500000US49025,7397
0500000US49027,12707
0500000US49029,12154
0500000US49031,1782
0500000US49033,2502
0500000US49035,1158163
0500000US49037,14287
0500000US49039,25749
0500000US49041,21138
0500000US49043,41998
0500000US49045,70543
0500000US49047,35068
0500000US49049,633351
0500000US49051,33904
0500000US49053,174427
0500000US49055,2469
0500000US49057,256428
0500000US50001,34171
0500000US50003,35898
0500000US50005,29483
0500000US50007,157919
0500000US50009,5962
0500000US50011,49299
0500000US50013,7219
0500000US50015,25253
0500000US50017,28676
0500000US50019,26415
0500000US50021,58696
0500000US50023,57230
0500000US50025,44112
0500000US50027,56768
0500000US51001,33078
0500000US51003,103408
0500000US51005,15032
0500000US51007,13135
0500000US51009,30598
0500000US51011,15966
0500000US51013,232517
0500000US51015,72925
0500000US51017,4177
0500000US51019,78490
0500000US51021,5292
0500000US51023,33189
0500000US51025,13537
0500000US51027,19747
0500000US51029,14833
0500000US51031,54948
0500000US51033,28796
0500000US51035,28956
0500000US51036,6800
0500000US51037,11365
0500000US51041,355142
0500000US51043,14529
0500000US51045,4782
0500000US51047,50364
0500000US51049,9669
0500000US51051,13799
0500000US51053,27213
0500000US51057,10537
0500000US51059,1137354
0500000US51061,72057
0500000US51063,15453
0500000US51065,25552
0500000US51067,53134
0500000US51069,88577
0500000US51071,16582
0500000US51073,37965
0500000US51075,23226
0500000US51077,14520
0500000US51079,20250
0500000US51081,8393
0500000US51083,33484
0500000US51085,107391
0500000US51087,329265
0500000US51089,50243
0500000US51091,2210
0500000US51093,38101
0500000US51095,76891
0500000US51097,6680
0500000US51099,26265
0500000US51101,17384
0500000US51103,10751
0500000US51105,20937
0500000US51107,411218
0500000US51109,37026
0500000US51111,11057
0500000US51113,13559
0500000US51115,8465
0500000US51117,29414
0500000US51119,10304
0500000US51121,89669
0500000US51125,14750
0500000US51127,21863
0500000US51131,11966
0500000US51133,11920
0500000US51135,13942
0500000US51137,35303
0500000US51139,23544
0500000US51141,17255
0500000US51143,59486
0500000US51145,27786
0500000US51147,16349
0500000US51149,37428
0500000US51153,471165
0500000US51155,32633
0500000US51157,7354
0500000US51159,7250
0500000US51161,93939
0500000US51163,22369
0500000US51165,81134
0500000US51167,25638
0500000US51169,20730
0500000US51171,43587
0500000US51173,29304
0500000US51175,16566
0500000US51177,137651
0500000US51179,149991
0500000US51181,6555
0500000US51183,9420
0500000US51185,39069
0500000US51187,39637
0500000US51191,52284
0500000US51193,18121
0500000US51195,33422
0500000US51197,28057
0500000US51199,67755
0500000US51510,156643
0500000US51520,16742
0500000US51530,6117
0500000US51540,44003
0500000US51550,242326
0500000US51570,17880
0500000US51580,5608
0500000US51590,41119
0500000US51595,5591
0500000US51600,23159
0500000US51610,14475
0500000US51620,8111
0500000US51630,25580
0500000US51640,6434
0500000US51650,132153
0500000US51660,44982
0500000US51670,22822
0500000US51678,4315
0500000US51680,68869
0500000US51683,42459
0500000US51685,16946
0500000US51690,13060
0500000US51700,176740
0500000US51710,212572
0500000US51720,3642
0500000US51730,32792
0500000US51735,12332
0500000US51740,93571
0500000US51750,13340
0500000US51760,216341
0500000US51770,98079
0500000US51775,22834
0500000US51790,24080
0500000US51800,92611
0500000US51810,447604
0500000US51820,21863
0500000US51830,10687
0500000US51840,27162
0500000US53001,20139
0500000US53003,22048
0500000US53005,202487
0500000US53007,77641
0500000US53009,75766
0500000US53011,491742
0500000US53013,3930
0500000US53015,108004
0500000US53017,42423
0500000US53019,7124
0500000US53021,92464
0500000US53023,2253
0500000US53025,96998
0500000US53027,71074
0500000US53029,83041
0500000US53031,31878
0500000US53033,2210498
0500000US53035,264476
0500000US53037,41591
0500000US53039,22405
0500000US53041,79978
0500000US53043,10673
0500000US53045,63801
0500000US53047,41345
0500000US53049,22576
0500000US53051,13172
0500000US53053,892235
0500000US53055,17419
0500000US53057,126466
0500000US53059,11875
0500000US53061,809010
0500000US53063,516542
0500000US53065,45549
0500000US53067,287029
0500000US53069,4332
0500000US53071,57201
0500000US53073,218983
0500000US53075,41167
0500000US53077,251422
0500000US54001,14958
0500000US54003,118979
0500000US54005,21731
0500000US54007,12352
0500000US54009,21645
0500000US54011,90650
0500000US54013,6357
0500000US54015,8046
0500000US54017,7099
0500000US54019,39591
0500000US54021,6020
0500000US54023,10958
0500000US54025,32663
0500000US54027,22503
0500000US54029,28759
0500000US54031,14158
0500000US54033,64884
0500000US54035,27760
0500000US54037,56039
0500000US54039,179117
0500000US54041,16618
0500000US54043,20446
0500000US54045,32183
0500000US54047,17945
0500000US54049,55045
0500000US54051,30183
0500000US54053,24901
0500000US54055,58437
0500000US54057,26167
0500000US54059,23719
0500000US54061,100002
0500000US54063,12431
0500000US54065,16997
0500000US54067,24630
0500000US54069,40193
0500000US54071,6169
0500000US54073,7075
0500000US54075,7722
0500000US54077,31385
0500000US54079,56913
0500000US54081,72076
0500000US54083,25911
0500000US54085,8454
0500000US54087,14031
0500000US54089,11366
0500000US54091,16374
0500000US54093,6604
0500000US54095,8243
0500000US54097,22759
0500000US54099,39151
0500000US54101,8344
0500000US54103,14309
0500000US54105,5251
0500000US54107,83411
0500000US54109,21335
0500000US55001,19299
0500000US55003,15394
0500000US55005,45758
0500000US55007,15878
0500000US55009,259825
0500000US55011,13204
0500000US55013,16157
0500000US55015,51908
0500000US55017,63046
0500000US55019,33985
0500000US55021,56778
0500000US55023,15407
0500000US55025,541910
0500000US55027,85138
0500000US55029,29379
0500000US55031,42882
0500000US55033,41562
0500000US55035,101231
0500000US55037,4489
0500000US55039,100453
0500000US55041,8937
0500000US55043,48749
0500000US55045,36481
0500000US55047,18698
0500000US55049,23489
0500000US55051,5948
0500000US55053,19751
0500000US55055,81844
0500000US55057,25156
0500000US55059,164484
0500000US55061,20355
0500000US55063,115515
0500000US55065,16522
0500000US55067,19218
0500000US55069,27769
0500000US55071,80165
0500000US55073,135660
0500000US55075,40839
0500000US55077,15366
0500000US55078,4290
0500000US55079,917843
0500000US55081,45131
0500000US55083,38166
0500000US55085,36791
0500000US55087,186198
0500000US55089,88874
0500000US55091,7248
0500000US55093,39536
0500000US55095,44198
0500000US55097,67194
0500000US55099,13795
0500000US55101,191665
0500000US55103,17003
0500000US55105,160292
0500000US55107,13930
0500000US55109,91535
0500000US55111,64346
0500000US55113,17431
0500000US55115,40076
0500000US55117,114510
0500000US55119,19671
0500000US55121,29999
0500000US55123,30333
0500000US55125,22513
0500000US55127,103298
0500000US55129,16360
0500000US55131,135433
0500000US55133,400260
0500000US55135,50304
0500000US55137,23264
0500000US55139,163598
0500000US55141,73225
0500000US56001,34927
0500000US56003,11428
0500000US56005,45982
0500000US56007,14055
0500000US56009,13557
0500000US56011,7085
0500000US56013,38567
0500000US56015,11783
0500000US56017,4556
0500000US56019,8370
0500000US56021,97861
0500000US56023,19333
0500000US56025,77680
0500000US56027,2244
0500000US56029,29150
0500000US56031,8449
0500000US56033,30025
0500000US56035,8793
0500000US56037,41941
0500000US56039,23240
0500000US56041,20267
0500000US56043,7593
0500000US56045,6496
0500000US72001,18016
0500000US72003,38224
0500000US72005,54546
0500000US72007,24447
0500000US72009,24549
0500000US72011,25759
0500000US72013,87347
0500000US72015,16167
0500000US72017,22830
0500000US72019,28766
0500000US72021,181209
0500000US72023,47201
0500000US72025,127498
0500000US72027,32707
0500000US72029,42658
0500000US72031,155044
0500000US72033,23510
0500000US72035,42102
0500000US72037,11401
0500000US72039,16890
0500000US72041,40012
0500000US72043,35173
0500000US72045,18990
0500000US72047,34408
0500000US72049,1290
0500000US72051,35982
0500000US72053,32214
0500000US72054,11711
0500000US72055,14129
0500000US72057,34902
0500000US72059,17960
0500000US72061,89669
0500000US72063,41039
0500000US72065,38697
0500000US72067,15663
0500000US72069,51152
0500000US72071,42678
0500000US72073,14840
0500000US72075,46202
0500000US72077,37221
0500000US72079,23366
0500000US72081,27838
0500000US72083,8804
0500000US72085,35435
0500000US72087,24168
0500000US72089,17881
0500000US72091,39524
0500000US72093,5389
0500000US72095,10695
0500000US72097,73200
0500000US72099,37421
0500000US72101,29009
0500000US72103,23598
0500000US72105,29127
0500000US72107,21364
0500000US72109,16231
0500000US72111,20593
0500000US72113,136213
0500000US72115,23698
0500000US72117,15058
0500000US72119,47075
0500000US72121,22734
0500000US72123,26100
0500000US72125,31460
0500000US72127,339598
0500000US72129,37738
0500000US72131,39218
0500000US72133,20530
0500000US72135,67418
0500000US72137,75853
0500000US72139,67674
0500000US72141,28521
0500000US72143,35352
0500000US72145,54242
0500000US72147,8317
0500000US72149,22207
0500000US72151,31042
0500000US72153,34557